,Unnamed: 0,List Sr.No.,Set No.,2025 Set,First Name,Surname,Country,State Association,DOB,Age,Specialism,Unnamed: 10,Unnamed: 11,Test caps,ODI caps,T20 caps,IPL,Previous IPLTeam(s),"2024
Team","2024
IPL",C/U/A,"Reserve Price Rs
Lakh",Player Name
0,0,1,1,M1,Jos,Buttler,England,,08/09/1990,34,WICKETKEEPER,RHB,RIGHT ARM Off Spin,57.0,181.0,124.0,107.0,"MI,RR",RR,11.0,Capped,200,Jos Buttler
1,1,2,1,M1,Shreyas,Iyer,India,MCA,06/12/1994,30,BATTER,RHB,RIGHT ARM Off Spin,14.0,62.0,51.0,116.0,"DC,KKR",KKR,15.0,Capped,200,Shreyas Iyer
2,2,3,1,M1,Rishabh,Pant,India,DDCA,04/10/1997,27,BATTER,LHB,RIGHT ARM Off Spin,37.0,31.0,76.0,111.0,DC,DC,13.0,Capped,200,Rishabh Pant
3,3,4,1,M1,Kagiso,Rabada,South Africa,,25/05/1995,29,BOWLER,RHB,RIGHT ARM Fast,66.0,101.0,65.0,80.0,"DC,PBKS",PBKS,11.0,Capped,200,Kagiso Rabada
4,4,5,1,M1,Arshdeep,Singh,India,PCA,05/02/1999,26,BOWLER,LHB,LEFT ARM Fast Medium,,8.0,56.0,65.0,PBKS,PBKS,14.0,Capped,200,Arshdeep Singh
5,5,6,1,M1,Mitchell,Starc,Australia,,30/01/1990,35,BOWLER,LHB,LEFT ARM Fast,89.0,125.0,65.0,41.0,RCB.KKR,KKR,14.0,Capped,200,Mitchell Starc
6,6,7,2,M2,Yuzvendra,Chahal,India,HCA,23/07/1990,34,BOWLER,RHB,RIGHT ARM Leg Spin,,72.0,80.0,160.0,"MI,RCB,RR",RR,15.0,Capped,200,Yuzvendra Chahal
7,7,8,2,M2,Liam,Livingstone,England,,04/08/1993,31,ALL-ROUNDER,RHB,RIGHT ARM Leg Spin,1.0,31.0,50.0,39.0,"RR,PBKS",PBKS,7.0,Capped,200,Liam Livingstone
8,8,9,2,M2,David,Miller,South Africa,,10/06/1989,35,BATTER,LHB,,,173.0,125.0,130.0,"PBKS,RR,GT",GT,9.0,Capped,150,David Miller
9,9,10,2,M2,KL,Rahul,India,KSCA,18/04/1992,32,WICKETKEEPER,RHB,,53.0,77.0,72.0,132.0,"SRH,RCB,PBKS,LSG",LSG,14.0,Capped,200,KL Rahul
10,10,11,2,M2,Mohammad,Shami,India,CAB,03/09/1990,34,BOWLER,RHB,RIGHT ARM Fast,64.0,101.0,23.0,110.0,"KKR,PBKS,GT",GT,0.0,Capped,200,Mohammad Shami
11,11,12,2,M2,Mohammad,Siraj,India,HYCA,13/03/1994,31,BOWLER,RHB,RIGHT ARM Fast,30.0,44.0,16.0,93.0,"SRH,RCB",RCB,14.0,Capped,200,Mohammad Siraj
12,12,13,3,BA1,Harry,Brook,England,,22/02/1999,26,BATTER,RHB,RIGHT ARM Medium,21.0,20.0,39.0,11.0,"SRH,DC",DC,0.0,Capped,200,Harry Brook
13,13,14,3,BA1,Devon,Conway,New Zealand,,08/07/1991,33,BATTER,LHB,,24.0,32.0,50.0,23.0,CSK,CSK,0.0,Capped,200,Devon Conway
14,14,15,3,BA1,Jake,Fraser-Mcgurk,Australia,,11/04/2002,22,BATTER,RHB,,,2.0,4.0,9.0,DC,DC,9.0,Capped,200,Jake Fraser-Mcgurk
15,15,16,3,BA1,Aiden,Markram,South Africa,,04/10/1994,30,BATTER,RHB,RIGHT ARM Off Spin,41.0,71.0,53.0,44.0,"PBKS,SRH",SRH,11.0,Capped,200,Aiden Markram
16,16,17,3,BA1,Devdutt,Padikkal,India,KSCA,07/07/2000,24,BATTER,LHB,,1.0,,2.0,64.0,"RCB,RR,LSG",LSG,7.0,Capped,200,Devdutt Padikkal
17,17,18,3,BA1,Rahul,Tripathi,India,MACA,02/03/1991,34,BATTER,RHB,RIGHT ARM Medium,,,5.0,95.0,"RPS,RR,KKR,SRH",SRH,6.0,Capped,75,Rahul Tripathi
18,18,19,3,BA1,David,Warner,Australia,,27/10/1986,38,BATTER,LHB,,112.0,161.0,110.0,184.0,"SRH,DC",DC,8.0,Capped,200,David Warner
19,19,20,4,AL1,Ravichandaran,Ashwin,India,TNCA,17/09/1986,38,ALL-ROUNDER,RHB,RIGHT ARM Off Spin,104.0,116.0,65.0,212.0,"CSK,RPS,PBKS,DC,RR",RR,15.0,Capped,200,Ravichandaran Ashwin
20,20,21,4,AL1,Venkatesh,Iyer,India,MPCA,25/12/1994,30,ALL-ROUNDER,LHB,RIGHT ARM Medium,,2.0,9.0,51.0,KKR,KKR,15.0,Capped,200,Venkatesh Iyer
21,21,22,4,AL1,Mitchell,Marsh,Australia,,20/10/1991,33,ALL-ROUNDER,RHB,RIGHT ARM Fast,42.0,93.0,65.0,42.0,"DCH,PWI,RPS,SRH,DC",DC,4.0,Capped,200,Mitchell Marsh
22,22,23,4,AL1,Glenn,Maxwell,Australia,,14/10/1988,36,ALL-ROUNDER,RHB,RIGHT ARM Off Spin,7.0,142.0,113.0,134.0,"DC,MI,PBKS,RCB",RCB,10.0,Capped,200,Glenn Maxwell
23,23,24,4,AL1,Harshal,Patel,India,HCA,23/11/1990,34,ALL-ROUNDER,RHB,RIGHT ARM Fast Medium,,,25.0,106.0,"DC,RCB,PBKS",PBKS,14.0,Capped,200,Harshal Patel
24,24,25,4,AL1,Rachin,Ravindra,New Zealand,,18/11/1999,25,ALL-ROUNDER,LHB,LEFT ARM Slow Orthodox,11.0,25.0,23.0,10.0,CSK,CSK,10.0,Capped,150,Rachin Ravindra
25,25,26,4,AL1,Marcus,Stoinis,Australia,,16/08/1989,35,ALL-ROUNDER,RHB,RIGHT ARM Fast,,70.0,71.0,96.0,"PBKS,RCB,DC,LSG",LSG,14.0,Capped,200,Marcus Stoinis
26,26,27,5,WK1,Jonny,Bairstow,England,,26/09/1989,35,WICKETKEEPER,RHB,RIGHT ARM Medium,100.0,107.0,80.0,50.0,"SRH,PBKS",PBKS,11.0,Capped,200,Jonny Bairstow
27,27,28,5,WK1,Quinton,De Kock,South Africa,,17/12/1992,32,WICKETKEEPER,LHB,,54.0,155.0,92.0,107.0,"SRH,DC,RCB,MI,LSG",LSG,11.0,Capped,200,Quinton De Kock
28,28,29,5,WK1,Rahmanullah,Gurbaz,Afghanistan,,28/11/2001,23,WICKETKEEPER,RHB,,1.0,43.0,63.0,14.0,"GT, KKR",KKR,3.0,Capped,200,Rahmanullah Gurbaz
29,29,30,5,WK1,Ishan,Kishan,India,JSCA,18/07/1998,26,WICKETKEEPER,LHB,,2.0,27.0,32.0,104.0,"GL,MI",MI,14.0,Capped,200,Ishan Kishan
30,30,31,5,WK1,Phil,Salt,England,,28/08/1996,28,WICKETKEEPER,RHB,,,25.0,33.0,21.0,"DC,KKR",KKR,12.0,Capped,200,Phil Salt
31,31,32,5,WK1,Jitesh,Sharma,India,VCA,22/10/1993,31,WICKETKEEPER,RHB,,,,9.0,40.0,"MI,PBKS",PBKS,14.0,Capped,100,Jitesh Sharma
32,32,33,6,FA1,Syed Khaleel,Ahmed,India,RCA,05/12/1997,27,BOWLER,RHB,LEFT ARM Fast Medium,,11.0,18.0,57.0,"SRH,DC",DC,14.0,Capped,200,Syed Khaleel Ahmed
33,33,34,6,FA1,Trent,Boult,New Zealand,,22/07/1989,35,BOWLER,RHB,LEFT ARM Fast Medium,78.0,114.0,61.0,104.0,"SRH,DC,MI,RR",RR,16.0,Capped,200,Trent Boult
34,34,35,6,FA1,Josh,Hazlewood,Australia,,08/01/1991,34,BOWLER,LHB,RIGHT ARM Fast Medium,70.0,90.0,52.0,27.0,"CSK,RCB",,,Capped,200,Josh Hazlewood
35,35,36,6,FA1,Avesh,Khan,India,MPCA,13/12/1996,28,BOWLER,RHB,RIGHT ARM Fast,,8.0,23.0,63.0,"RCB,DC,LSG,RR",RR,16.0,Capped,200,Avesh Khan
36,36,37,6,FA1,Prasidh,Krishna,India,KSCA,19/02/1996,29,BOWLER,RHB,RIGHT ARM Fast,2.0,17.0,5.0,51.0,"KKR,RR",RR,0.0,Capped,200,Prasidh Krishna
37,37,38,6,FA1,T.,Natarajan,India,TNCA,27/05/1991,33,BOWLER,LHB,LEFT ARM Fast Medium,1.0,2.0,4.0,61.0,"PBKS,SRH",SRH,14.0,Capped,200,T. Natarajan
38,38,39,6,FA1,Anrich,Nortje,South Africa,,16/11/1993,31,BOWLER,RHB,RIGHT ARM Fast,19.0,22.0,42.0,46.0,DC,DC,6.0,Capped,200,Anrich Nortje
39,39,40,7,SP1,Noor,Ahmad,Afghanistan,,03/01/2005,20,BOWLER,RHB,LEFT ARM Slow Unorthodox,,10.0,14.0,23.0,GT,GT,10.0,Capped,200,Noor Ahmad
40,40,41,7,SP1,Rahul,Chahar,India,RCA,04/08/1999,25,BOWLER,RHB,RIGHT ARM Leg Spin,,1.0,6.0,78.0,"RPS,MI,PBKS",PBKS,9.0,Capped,100,Rahul Chahar
41,41,42,7,SP1,Wanindu,Hasaranga,Sri Lanka,,29/07/1997,27,BOWLER,RHB,RIGHT ARM Leg Spin,4.0,58.0,74.0,26.0,"RCB,SRH",SRH,0.0,Capped,200,Wanindu Hasaranga
42,42,43,7,SP1,Waqar,Salamkheil,Afghanistan,,02/10/2001,23,BOWLER,RHB,LEFT ARM Slow Unorthodox,1.0,,,,,,,Capped,75,Waqar Salamkheil
43,43,44,7,SP1,Maheesh,Theekshana,Sri Lanka,,01/08/2000,24,BOWLER,RHB,RIGHT ARM Off Spin,2.0,43.0,55.0,27.0,CSK,CSK,5.0,Capped,200,Maheesh Theekshana
44,44,45,7,SP1,Adam,Zampa,Australia,,31/12/1992,32,BOWLER,RHB,RIGHT ARM Leg Spin,103.0,,92.0,20.0,"RPS,RCB,RR",RR,0.0,Capped,200,Adam Zampa
45,45,46,8,UBA1,Yash,Dhull,India,DDCA,11/11/2002,22,BATTER,RHB,,,,,4.0,DC,DC,0.0,Uncapped,30,Yash Dhull
46,46,47,8,UBA1,Abhinav,Manohar,India,KSCA,16/09/1994,30,BATTER,RHB,RIGHT ARM Leg Spin,,,,18.0,GT,GT,2.0,Uncapped,30,Abhinav Manohar
47,47,48,8,UBA1,Karun,Nair,India,VCA,06/12/1991,33,BATTER,RHB,RIGHT ARM Off Spin,,,,76.0,"RCB,RR,DD,PBKS,LSG",,,Uncapped,30,Karun Nair
48,48,49,8,UBA1,Angkrish,Raghuvanshi,India,MCA,05/06/2004,20,BATTER,RHB,RIGHT ARM Off Spin,,,,10.0,KKR,KKR,10.0,Uncapped,30,Angkrish Raghuvanshi
49,49,50,8,UBA1,Anmolpreet,Singh,India,PCA,28/03/1998,27,BATTER,RHB,RIGHT ARM Off Spin,,,,9.0,"MI,SRH",SRH,2.0,Uncapped,30,Anmolpreet Singh
50,50,51,8,UBA1,Atharva,Taide,India,VCA,26/04/2000,24,BATTER,LHB,LEFT ARM Slow Orthodox,,,,9.0,PBKS,PBKS,2.0,Uncapped,30,Atharva Taide
51,51,52,8,UBA1,Nehal,Wadhera,India,PCA,04/09/2000,24,BATTER,LHB,RIGHT ARM Leg Spin,,,,20.0,MI,MI,6.0,Uncapped,30,Nehal Wadhera
52,52,53,9,UAL1,Harpreet,Brar,India,PCA,16/09/1995,29,ALL-ROUNDER,LHB,LEFT ARM Slow Orthodox,,,,41.0,PBKS,PBKS,13.0,Uncapped,30,Harpreet Brar
53,53,54,9,UAL1,Naman,Dhir,India,PCA,31/12/1999,25,ALL-ROUNDER,RHB,RIGHT ARM Off Spin,,,,7.0,MI,MI,7.0,Uncapped,30,Naman Dhir
54,54,55,9,UAL1,Mahipal,Lomror,India,RCA,16/11/1999,25,ALL-ROUNDER,LHB,LEFT ARM Slow Orthodox,,,,40.0,"RR,RCB",RCB,10.0,Uncapped,50,Mahipal Lomror
55,55,56,9,UAL1,Sameer,Rizvi,India,UPCA,06/12/2003,21,ALL-ROUNDER,RHB,RIGHT ARM Leg Spin,,,,9.0,CSK,CSK,9.0,Uncapped,30,Sameer Rizvi
56,56,57,9,UAL1,Abdul,Samad,India,JKCA,28/10/2001,23,ALL-ROUNDER,RHB,RIGHT ARM Leg Spin,,,,50.0,SRH,SRH,16.0,Uncapped,30,Abdul Samad
57,57,58,9,UAL1,Vijay,Shankar,India,TNCA,26/01/1991,34,ALL-ROUNDER,RHB,RIGHT ARM Medium,,,,72.0,"CSK,DC,SRH,GT",GT,7.0,Uncapped,30,Vijay Shankar
58,58,59,9,UAL1,Ashutosh,Sharma,India,RSPB,15/09/1998,26,ALL-ROUNDER,RHB,RIGHT ARM Medium,,,,11.0,PBKS,PBKS,11.0,Uncapped,30,Ashutosh Sharma
59,64,65,10,UWK1,Anuj,Rawat,India,DDCA,17/10/1999,25,WICKETKEEPER,LHB,RIGHT ARM Leg Spin,,,,24.0,"RR,RCB",RCB,5.0,Uncapped,30,Anuj Rawat
60,66,67,10,UWK1,Vishnu,Vinod,India,KCA,02/12/1993,31,WICKETKEEPER,RHB,,,,,6.0,"RCB,DC,SRH,MI",MI,0.0,Uncapped,30,Vishnu Vinod
61,68,69,11,UFA1,Vaibhav,Arora,India,HPCA,14/12/1997,27,BOWLER,RHB,RIGHT ARM Fast Medium,,,,20.0,"PBKS,KKR",KKR,10.0,Uncapped,30,Vaibhav Arora
62,69,70,11,UFA1,Rasikh,Dar,India,JKCA,05/04/2000,25,BOWLER,RHB,RIGHT ARM Fast Medium,,,,11.0,"MI,,KKR,DC",DC,8.0,Uncapped,30,Rasikh Dar
63,70,71,11,UFA1,Akash,Madhwal,India,CAU,25/11/1993,31,BOWLER,RHB,RIGHT ARM Fast,,,,12.0,MI,MI,5.0,Uncapped,30,Akash Madhwal
64,71,72,11,UFA1,Mohit,Sharma,India,HCA,18/09/1988,36,BOWLER,RHB,RIGHT ARM Fast,,,,111.0,"CSK,PBKS,DC,GT",GT,12.0,Uncapped,50,Mohit Sharma
65,72,73,11,UFA1,Simarjeet,Singh,India,DDCA,17/01/1998,27,BOWLER,RHB,RIGHT ARM Fast,,,,10.0,CSK,CSK,4.0,Uncapped,30,Simarjeet Singh
66,73,74,11,UFA1,Yash,Thakur,India,VCA,28/12/1998,26,BOWLER,RHB,RIGHT ARM Fast Medium,,,,19.0,LSG,LSG,10.0,Uncapped,30,Yash Thakur
67,74,75,11,UFA1,Kartik,Tyagi,India,UPCA,08/11/2000,24,BOWLER,RHB,RIGHT ARM Fast,,,,20.0,"RR,SRH,GT",GT,1.0,Uncapped,40,Kartik Tyagi
68,75,76,11,UFA1,Vyshak,Vijaykumar,India,KSCA,31/01/1997,28,BOWLER,RHB,RIGHT ARM Fast Medium,,,,11.0,RCB,RCB,4.0,Uncapped,30,Vyshak Vijaykumar
69,76,77,12,USP1,Piyush,Chawla,India,UPCA,24/12/1988,36,BOWLER,LHB,RIGHT ARM Leg Spin,,,,192.0,"PBKS,KKR,CSK,MI",MI,11.0,Uncapped,50,Piyush Chawla
70,77,78,12,USP1,Shreyas,Gopal,India,KSCA,04/09/1993,31,BOWLER,RHB,RIGHT ARM Leg Spin,,,,52.0,"RR,SRH,MI",MI,3.0,Uncapped,30,Shreyas Gopal
71,78,79,12,USP1,Mayank,Markande,India,PCA,11/11/1997,27,BOWLER,RHB,RIGHT ARM Leg Spin,,,,37.0,"MI,RR,SRH",SRH,7.0,Uncapped,30,Mayank Markande
72,79,80,12,USP1,Suyash,Sharma,India,DDCA,15/05/2003,21,BOWLER,RHB,RIGHT ARM Leg Spin,,,,13.0,KKR,KKR,2.0,Uncapped,30,Suyash Sharma
73,80,81,12,USP1,Karn,Sharma,India,RSPB,23/10/1987,37,BOWLER,LHB,RIGHT ARM Leg Spin,,,,84.0,"SRH,MI,CSK,RCB",RCB,9.0,Uncapped,50,Karn Sharma
74,81,82,12,USP1,Kumar Kartikeya,Singh,India,MPCA,26/12/1997,27,BOWLER,RHB,LEFT ARM Slow Orthodox,,,,12.0,MI,MI,0.0,Uncapped,30,Kumar Kartikeya Singh
75,83,84,13,BA2,Mayank,Agarawal,India,KSCA,16/02/1991,34,BATTER,RHB,RIGHT ARM Off Spin,21.0,,5.0,127.0,"RCB,DC,RPS,PBKS,SRH",SRH,4.0,Capped,100,Mayank Agarawal
76,84,85,13,BA2,Faf,Du Plessis,South Africa,,13/07/1984,40,BATTER,RHB,,69.0,143.0,50.0,145.0,"CSK,RPS,RCB",RCB,15.0,Capped,200,Faf Du Plessis
77,85,86,13,BA2,Glenn,Phillips,New Zealand,,06/12/1996,28,BATTER,RHB,RIGHT ARM Off Spin,11.0,30.0,78.0,8.0,"RR,SRH",SRH,0.0,Capped,200,Glenn Phillips
78,86,87,13,BA2,Rovman,Powell,West Indies,,23/07/1993,31,BATTER,RHB,RIGHT ARM Fast Medium,,51.0,83.0,27.0,"KKR,DC,RR",RR,10.0,Capped,150,Rovman Powell
79,87,88,13,BA2,Ajinkya,Rahane,India,MCA,06/06/1988,36,BATTER,RHB,,85.0,90.0,20.0,185.0,"MI,RPS,RR,DC,KKR,SRH",CSK,13.0,Capped,150,Ajinkya Rahane
80,88,89,13,BA2,Prithvi,Shaw,India,MCA,09/11/1999,25,BATTER,RHB,,5.0,6.0,1.0,79.0,DC,DC,8.0,Capped,75,Prithvi Shaw
81,89,90,13,BA2,Kane,Williamson,New Zealand,,08/08/1990,34,BATTER,RHB,,102.0,165.0,93.0,79.0,"SRH,GT",GT,2.0,Capped,200,Kane Williamson
82,90,91,14,AL2,Sam,Curran,England,,03/06/1998,26,ALL-ROUNDER,LHB,LEFT ARM Fast Medium,24.0,33.0,53.0,59.0,"CSK,PBKS",PBKS,13.0,Capped,200,Sam Curran
83,91,92,14,AL2,Marco,Jansen,South Africa,,01/05/2000,24,ALL-ROUNDER,RHB,LEFT ARM Fast,13.0,23.0,13.0,21.0,"MI,SRH",SRH,3.0,Capped,125,Marco Jansen
84,92,93,14,AL2,Daryl,Mitchell,New Zealand,,20/05/1991,33,ALL-ROUNDER,RHB,RIGHT ARM Medium,27.0,39.0,67.0,15.0,"RR,CSK",CSK,12.0,Capped,200,Daryl Mitchell
85,93,94,14,AL2,Krunal,Pandya,India,BCA,24/03/1991,34,ALL-ROUNDER,LHB,LEFT ARM Slow Orthodox,,5.0,9.0,127.0,"MI,LSG",LSG,14.0,Capped,200,Krunal Pandya
86,94,95,14,AL2,Nitish,Rana,India,UPCA,27/12/1993,31,ALL-ROUNDER,LHB,RIGHT ARM Off Spin,,1.0,2.0,107.0,"MI,KKR",KKR,2.0,Capped,150,Nitish Rana
87,95,96,14,AL2,Washington,Sundar,India,TNCA,05/10/1999,25,ALL-ROUNDER,LHB,RIGHT ARM Off Spin,6.0,22.0,52.0,61.0,"RPS,RCB,SRH",SRH,2.0,Capped,200,Washington Sundar
88,96,97,14,AL2,Shardul,Thakur,India,MCA,16/10/1991,33,ALL-ROUNDER,RHB,RIGHT ARM Fast Medium,11.0,47.0,25.0,95.0,"PBKS,RPS,DC,KKR,CSK",CSK,9.0,Capped,200,Shardul Thakur
89,97,98,15,WK2,K.S,Bharat,India,ACA,03/10/1993,31,WICKETKEEPER,RHB,,7.0,,,11.0,"RCB,DC,GT,KKR",KKR,0.0,Capped,75,K.S Bharat
90,98,99,15,WK2,Alex,Carey,Australia,,27/08/1991,33,WICKETKEEPER,LHB,,32.0,76.0,38.0,3.0,DC,,,Capped,100,Alex Carey
91,99,100,15,WK2,Donovan,Ferreira,South Africa,,21/07/1998,26,WICKETKEEPER,RHB,RIGHT ARM Off Spin,,,4.0,2.0,RR,RR,2.0,Capped,75,Donovan Ferreira
92,100,101,15,WK2,Shai,Hope,West Indies,,10/11/1993,31,WICKETKEEPER,RHB,,38.0,128.0,36.0,9.0,DC,DC,9.0,Capped,125,Shai Hope
93,101,102,15,WK2,Josh,Inglis,Australia,,04/03/1995,30,WICKETKEEPER,RHB,,,23.0,26.0,,,,,Capped,200,Josh Inglis
94,102,103,15,WK2,Ryan,Rickelton,South Africa,,11/07/1996,28,WICKETKEEPER,LHB,,7.0,5.0,8.0,,,,,Capped,100,Ryan Rickelton
95,103,104,16,FA2,Deepak,Chahar,India,RCA,07/08/1992,32,BOWLER,RHB,RIGHT ARM Fast Medium,,13.0,25.0,81.0,"RPS,CSK",CSK,8.0,Capped,200,Deepak Chahar
96,104,105,16,FA2,Gerald,Coetzee,South Africa,,02/10/2000,24,BOWLER,RHB,RIGHT ARM Fast,3.0,14.0,6.0,10.0,MI,Mi,10.0,Capped,125,Gerald Coetzee
97,105,106,16,FA2,Akash,Deep,India,CAB,15/12/1996,28,BOWLER,RHB,RIGHT ARM Fast,4.0,,,8.0,RCB,RCB,1.0,Capped,100,Akash Deep
98,106,107,16,FA2,Tushar,Deshpande,India,MCA,15/05/1995,29,BOWLER,LHB,RIGHT ARM Fast,,,2.0,36.0,"DC,CSK",CSK,13.0,Capped,100,Tushar Deshpande
99,107,108,16,FA2,Lockie,Ferguson,New Zealand,,13/06/1991,33,BOWLER,RHB,RIGHT ARM Fast,1.0,65.0,42.0,45.0,"RPS,GT,KKR,RCB",RCB,7.0,Capped,200,Lockie Ferguson
100,108,109,16,FA2,Bhuvneshwar,Kumar,India,UPCA,05/02/1990,35,BOWLER,RHB,RIGHT ARM Fast Medium,21.0,121.0,87.0,176.0,"PWI,SRH",SRH,16.0,Capped,200,Bhuvneshwar Kumar
101,109,110,16,FA2,Mukesh,Kumar,India,CAB,12/10/1993,31,BOWLER,RHB,RIGHT ARM Fast Medium,3.0,6.0,17.0,20.0,DC,DC,10.0,Capped,200,Mukesh Kumar
102,110,111,17,SP2,Allah,Ghazanfar,Afghanistan,,20/03/2006,19,BOWLER,RHB,RIGHT ARM Off Spin,,5.0,0.0,0.0,KKR,KKR,0.0,Capped,75,Allah Ghazanfar
103,111,112,17,SP2,Akeal,Hosein,West Indies,,25/04/1993,31,BOWLER,LHB,LEFT ARM Slow Orthodox,,38.0,60.0,1.0,SRH,,,Capped,150,Akeal Hosein
104,112,113,17,SP2,Keshav,Maharaj,South Africa,,07/02/1990,35,BOWLER,RHB,LEFT ARM Slow Orthodox,54.0,44.0,35.0,2.0,RR,RR,2.0,Capped,75,Keshav Maharaj
105,113,114,17,SP2,Mujeeb Ur,Rahman,Afghanistan,,28/03/2001,24,BOWLER,RHB,RIGHT ARM Off Spin,1.0,75.0,46.0,19.0,"PBKS,SRH,KKR",,,Capped,200,Mujeeb Ur Rahman
106,114,115,17,SP2,Adil,Rashid,England,,17/02/1988,37,BOWLER,RHB,RIGHT ARM Leg Spin,19.0,141.0,116.0,3.0,"PBKS,SRH",,,Capped,200,Adil Rashid
107,115,116,17,SP2,Vijayakanth,Viyaskanth,Sri Lanka,,05/12/2001,23,BOWLER,RHB,RIGHT ARM Leg Spin,,,1.0,3.0,SRH,SRH,3.0,Capped,75,Vijayakanth Viyaskanth
108,116,117,18,UBA2,Ricky,Bhui,India,ACA,29/09/1996,28,BATTER,RHB,,,,,4.0,"SRH,DC",DC,2.0,Uncapped,30,Ricky Bhui
109,119,120,18,UBA2,Shubham,Dubey,India,VCA,27/08/1994,30,BATTER,LHB,RIGHT ARM Off Spin,,,,4.0,RR,RR,0.0,Uncapped,30,Shubham Dubey
110,120,121,18,UBA2,Madhav,Kaushik,India,UPCA,03/01/1998,27,BATTER,RHB,RIGHT ARM Off Spin,,,,,,,,Uncapped,30,Madhav Kaushik
111,121,122,18,UBA2,Pukhraj,Mann,India,PCA,07/06/2001,23,BATTER,LHB,RIGHT ARM Off Spin,,,,,,,,Uncapped,30,Pukhraj Mann
112,124,125,19,UAL2,Mayank,Dagar,India,HPCA,11/11/1996,28,ALL-ROUNDER,RHB,LEFT ARM Slow Orthodox,,,,8.0,"PBKS,SRH,RCB",RCB,5.0,Uncapped,30,Mayank Dagar
113,125,126,19,UAL2,Anshul,Kamboj,India,HCA,06/12/2000,24,ALL-ROUNDER,RHB,RIGHT ARM Fast Medium,,,,3.0,MI,MI,3.0,Uncapped,30,Anshul Kamboj
114,126,127,19,UAL2,Mohd. Arshad,Khan,India,MPCA,20/12/1997,27,ALL-ROUNDER,LHB,LEFT ARM Fast Medium,,,,10.0,"MI,LSG",LSG,4.0,Uncapped,30,Mohd. Arshad Khan
115,127,128,19,UAL2,Darshan,Nalkande,India,VCA,04/10/1998,26,ALL-ROUNDER,RHB,RIGHT ARM Fast Medium,,,,5.0,"PBKS,GT",GT,3.0,Uncapped,30,Darshan Nalkande
116,128,129,19,UAL2,Suyash,Prabhudessai,India,GCA,06/12/1997,27,ALL-ROUNDER,RHB,RIGHT ARM Fast,,,,1.0,RCB,RCB,11.0,Uncapped,30,Suyash Prabhudessai
117,129,130,19,UAL2,Anukul,Roy,India,JSCA,30/11/1998,26,ALL-ROUNDER,LHB,LEFT ARM Slow Orthodox,,,,11.0,"MI,KKR",KKR,4.0,Uncapped,30,Anukul Roy
118,130,131,19,UAL2,Swapnil,Singh,India,CAU,22/01/1991,34,ALL-ROUNDER,RHB,LEFT ARM Slow Orthodox,,,,14.0,"PBKS,LSG,RCB",PBKS,7.0,Uncapped,30,Swapnil Singh
119,131,132,19,UAL2,Sanvir,Singh,India,PCA,12/10/1996,28,ALL-ROUNDER,RHB,RIGHT ARM Fast,,,,6.0,SRH,SRH,4.0,Uncapped,30,Sanvir Singh
120,133,134,20,UWK2,Vansh,Bedi,India,DDCA,23/12/2002,22,WICKETKEEPER,RHB,,,,,,,,,Uncapped,30,Vansh Bedi
121,134,135,20,UWK2,Saurav,Chauhan,India,GUCA,27/05/2000,24,WICKETKEEPER,LHB,RIGHT ARM Off Spin,,,,3.0,RCB,RCB,3.0,Uncapped,30,Saurav Chauhan
122,136,137,20,UWK2,Tom,Kohler-Cadmore,England,,19/08/1994,30,WICKETKEEPER,RHB,,,,,4.0,RR,RR,4.0,Uncapped,50,Tom Kohler-Cadmore
123,138,139,20,UWK2,B.R,Sharath,India,KSCA,28/09/1996,28,WICKETKEEPER,RHB,,,,,1.0,GT,GT,1.0,Uncapped,30,B.R Sharath
124,139,140,21,UFA2,Gurnoor Singh,Brar,India,PCA,25/05/2000,24,BOWLER,LHB,RIGHT ARM Fast,,,,1.0,"PBKS,GT",GT,0.0,Uncapped,30,Gurnoor Singh Brar
125,140,141,21,UFA2,Mukesh,Choudhary,India,MACA,06/07/1996,28,BOWLER,LHB,LEFT ARM Fast,,,,14.0,CSK,CSK,1.0,Uncapped,30,Mukesh Choudhary
126,142,143,21,UFA2,Vidwath,Kaverappa,India,KSCA,25/02/1999,26,BOWLER,RHB,RIGHT ARM Fast Medium,,,,1.0,PBKS,PBKS,1.0,Uncapped,30,Vidwath Kaverappa
127,145,146,21,UFA2,Arjun,Tendulkar,India,GCA,24/09/1999,25,BOWLER,LHB,LEFT ARM Fast Medium,,,,5.0,MI,MI,1.0,Uncapped,30,Arjun Tendulkar
128,146,147,22,USP2,Zeeshan,Ansari,India,UPCA,16/12/1999,25,BOWLER,RHB,RIGHT ARM Leg Spin,,,,,,,,Uncapped,30,Zeeshan Ansari
129,148,149,22,USP2,Himanshu,Sharma,India,RCA,06/06/1998,26,BOWLER,RHB,RIGHT ARM Leg Spin,,,,1.0,RCB,RCB,1.0,Uncapped,30,Himanshu Sharma
130,149,150,22,USP2,M.,Siddharth,India,TNCA,03/07/1998,26,BOWLER,RHB,LEFT ARM Slow Orthodox,,,,3.0,"KKR,DC,LSG",LSG,3.0,Uncapped,30,M. Siddharth
131,150,151,22,USP2,Digvesh,Singh,India,DDCA,15/12/1999,25,BOWLER,RHB,RIGHT ARM Leg Spin,,,,,,,,Uncapped,30,Digvesh Singh
132,151,152,22,USP2,Prashant,Solanki,India,MACA,22/02/2000,25,BOWLER,RHB,RIGHT ARM Leg Spin,,,,2.0,CSK,CSK,0.0,Uncapped,30,Prashant Solanki
133,153,154,23,BA3,Finn,Allen,New Zealand,,22/04/1999,25,BATTER,RHB,,,22.0,47.0,0.0,RCB,,,Capped,200,Finn Allen
134,154,155,23,BA3,Dewald,Brevis,South Africa,,29/04/2003,21,BATTER,RHB,RIGHT ARM Leg Spin,,,2.0,10.0,MI,MI,3.0,Capped,75,Dewald Brevis
135,155,156,23,BA3,Ben,Duckett,England,,17/10/1994,30,BATTER,LHB,,29.0,16.0,12.0,,,,,Capped,200,Ben Duckett
136,156,157,23,BA3,Manish,Pandey,India,KSCA,10/09/1989,35,BATTER,RHB,,,29.0,39.0,171.0,"MI,RCB,PWI, SRH, LSG,DC,KKR",KKR,1.0,Capped,75,Manish Pandey
137,157,158,23,BA3,Rilee,Rossouw,South Africa,,09/10/1989,35,BATTER,LHB,,,36.0,29.0,22.0,"RCB,DC,PBKS",PBKS,8.0,Capped,200,Rilee Rossouw
138,158,159,23,BA3,Sherfane,Rutherford,West Indies,,15/08/1998,26,BATTER,LHB,RIGHT ARM Fast Medium,,8.0,24.0,10.0,"DC,MI,RR,RCB,KKR",KKR,0.0,Capped,150,Sherfane Rutherford
139,159,160,23,BA3,Ashton,Turner,Australia,,25/01/1993,32,BATTER,RHB,RIGHT ARM Off Spin,,9.0,19.0,6.0,"RR,LSG",LSG,2.0,Capped,100,Ashton Turner
140,160,161,23,BA3,James,Vince,England,,14/03/1991,34,BATTER,RHB,,13.0,25.0,17.0,,,,,Capped,200,James Vince
141,161,162,24,AL3,Shahbaz,Ahamad,India,CAB,11/12/1994,30,ALL-ROUNDER,LHB,LEFT ARM Slow Orthodox,,3.0,2.0,55.0,"RCB,SRH",SRH,16.0,Capped,100,Shahbaz Ahamad
142,162,163,24,AL3,Moeen,Ali,England,,18/06/1987,37,ALL-ROUNDER,LHB,RIGHT ARM Off Spin,68.0,138.0,92.0,67.0,"RCB,CSK",CSK,8.0,Capped,200,Moeen Ali
143,163,164,24,AL3,Tim,David,Australia,,16/03/1996,29,ALL-ROUNDER,RHB,RIGHT ARM Off Spin,,4.0,51.0,38.0,"RCB,MI",MI,13.0,Capped,200,Tim David
144,164,165,24,AL3,Deepak,Hooda,India,RCA,19/04/1995,29,ALL-ROUNDER,RHB,RIGHT ARM Off Spin,,10.0,21.0,118.0,"RR,SRH,PBKS,LSG",LSG,11.0,Capped,75,Deepak Hooda
145,165,166,24,AL3,Will,Jacks,England,,21/11/1998,26,ALL-ROUNDER,RHB,RIGHT ARM Off Spin,2.0,13.0,18.0,8.0,RCB,RCB,8.0,Capped,200,Will Jacks
146,166,167,24,AL3,Azmatullah,Omarzai,Afghanistan,,24/03/2000,25,ALL-ROUNDER,RHB,RIGHT ARM Fast Medium,,30.0,44.0,7.0,GT,GT,7.0,Capped,150,Azmatullah Omarzai
147,167,168,24,AL3,R.,Sai Kishore,India,TNCA,06/11/1996,28,ALL-ROUNDER,LHB,LEFT ARM Slow Unorthodox,,,3.0,10.0,"CSK,GT",GT,5.0,Capped,75,R. Sai Kishore
148,168,169,24,AL3,Romario,Shepherd,West Indies,,26/11/1994,30,ALL-ROUNDER,RHB,RIGHT ARM Fast,,33.0,46.0,10.0,"SRH,LSG,MI",MI,6.0,Capped,150,Romario Shepherd
149,169,170,25,WK3,Tom,Banton,England,,11/11/1998,26,WICKETKEEPER,RHB,RIGHT ARM Off Spin,,6.0,14.0,2.0,KKR,,,Capped,200,Tom Banton
150,170,171,25,WK3,Sam,Billings,England,,15/06/1991,33,WICKETKEEPER,RHB,,3.0,28.0,37.0,30.0,"CSK,DC,KKR",,,Capped,150,Sam Billings
151,171,172,25,WK3,Jordan,Cox,England,,21/10/2000,24,WICKETKEEPER,RHB,,,2.0,2.0,,,,,Capped,125,Jordan Cox
152,172,173,25,WK3,Ben,McDermott,Australia,,12/12/1994,30,WICKETKEEPER,RHB,RIGHT ARM Off Spin,,5.0,25.0,,,,,Capped,75,Ben McDermott
153,173,174,25,WK3,Kusal,Mendis,Sri Lanka,,02/02/1995,30,WICKETKEEPER,RHB,RIGHT ARM Leg Spin,67.0,134.0,73.0,,,,,Capped,75,Kusal Mendis
154,174,175,25,WK3,Kusal,Perera,Sri Lanka,,17/08/1990,34,WICKETKEEPER,LHB,,22.0,116.0,72.0,2.0,RR,,,Capped,75,Kusal Perera
155,175,176,25,WK3,Josh,Philippe,Australia,,01/06/1997,27,WICKETKEEPER,RHB,,,3.0,12.0,5.0,RCB,,,Capped,75,Josh Philippe
156,176,177,25,WK3,Tim,Seifert,New Zealand,,14/12/1994,30,WICKETKEEPER,RHB,,,3.0,61.0,3.0,"KKR,DC",,,Capped,125,Tim Seifert
157,177,178,26,FA3,Nandre,Burger,South Africa,,11/08/1995,29,BOWLER,LHB,LEFT ARM Fast,3.0,5.0,2.0,6.0,RR,RR,6.0,Capped,125,Nandre Burger
158,178,179,26,FA3,Spencer,Johnson,Australia,,16/12/1995,29,BOWLER,LHB,LEFT ARM Fast,,1.0,5.0,5.0,GT,GT,5.0,Capped,200,Spencer Johnson
159,179,180,26,FA3,Umran,Malik,India,JKCA,22/11/1999,25,BOWLER,RHB,RIGHT ARM Fast,,10.0,8.0,26.0,SRH,SRH,1.0,Capped,75,Umran Malik
160,180,181,26,FA3,Mustafizur,Rahman,Bangladesh,,06/09/1995,29,BOWLER,LHB,LEFT ARM Fast,15.0,104.0,106.0,57.0,"SRH,MI,RR,DC,CSK",CSK,9.0,Capped,200,Mustafizur Rahman
161,181,182,26,FA3,Ishant,Sharma,India,DDCA,02/09/1988,36,BOWLER,RHB,RIGHT ARM Fast,105.0,80.0,14.0,109.0,"KKR,DCH,SRH,RPS,PBKS,DC",DC,9.0,Capped,75,Ishant Sharma
162,182,183,26,FA3,Nuwan,Thushara,Sri Lanka,,06/08/1994,30,BOWLER,RHB,RIGHT ARM Fast,,,13.0,7.0,MI,MI,7.0,Capped,75,Nuwan Thushara
163,183,184,26,FA3,Naveen,Ul Haq,Afghanistan,,23/09/1999,25,BOWLER,RHB,RIGHT ARM Medium,,14.0,45.0,18.0,LSG,LSG,10.0,Capped,200,Naveen Ul Haq
164,184,185,26,FA3,Jaydev,Unadkat,India,SCA,18/10/1991,33,BOWLER,RHB,LEFT ARM Fast Medium,4.0,8.0,10.0,105.0,"RCB,DC,KKR,RPS,RR,MI,LSG,SRH",SRH,11.0,Capped,100,Jaydev Unadkat
165,185,186,26,FA3,Umesh,Yadav,India,VCA,25/10/1987,37,BOWLER,RHB,RIGHT ARM Fast Medium,57.0,75.0,9.0,148.0,"RCB,DC,KKR,GT",GT,7.0,Capped,200,Umesh Yadav
166,186,187,27,SP3,Rishad,Hossain,Bangladesh,,15/07/2002,22,BOWLER,RHB,RIGHT ARM Leg Spin,,3.0,27.0,,,,,Capped,75,Rishad Hossain
167,187,188,27,SP3,Zahir Khan,Pakten,Afghanistan,,20/12/1998,26,BOWLER,LHB,LEFT ARM Slow Unorthodox,5.0,1.0,4.0,0.0,RR,,,Capped,75,Zahir Khan Pakten
168,188,189,27,SP3,Nqabayomzi,Peter,South Africa,,09/12/2001,23,BOWLER,RHB,RIGHT ARM Leg Spin,,2.0,6.0,,,,,Capped,75,Nqabayomzi Peter
169,189,190,27,SP3,Tanveer,Sangha,Australia,,26/11/2001,23,BOWLER,RHB,RIGHT ARM Leg Spin,,2.0,7.0,,,,,Capped,75,Tanveer Sangha
170,190,191,27,SP3,Tabraiz,Shamsi,South Africa,,18/02/1990,35,BOWLER,RHB,LEFT ARM Slow Unorthodox,2.0,51.0,70.0,5.0,"RCB,RR",,,Capped,200,Tabraiz Shamsi
171,191,192,27,SP3,Jeffery,Vandersay,Sri Lanka,,05/02/1990,35,BOWLER,RHB,RIGHT ARM Leg Spin,1.0,25.0,14.0,,,,,Capped,75,Jeffery Vandersay
172,192,193,28,UBA3,Sachin,Baby,India,KCA,18/12/1988,36,BATTER,LHB,RIGHT ARM Off Spin,,,,19.0,"RR,SRH,RCB",,,Uncapped,30,Sachin Baby
173,193,194,28,UBA3,Priyam,Garg,India,UPCA,30/11/2000,24,BATTER,RHB,,,,,23.0,"SRH,DC",,,Uncapped,30,Priyam Garg
174,194,195,28,UBA3,Harnoor,Pannu,India,PCA,30/01/2003,22,BATTER,LHB,RIGHT ARM Leg Spin,,,,,,,,Uncapped,30,Harnoor Pannu
175,195,196,28,UBA3,Smaran,Ravichandran,India,KSCA,05/05/2003,21,BATTER,LHB,RIGHT ARM Off Spin,,,,,,,,Uncapped,30,Smaran Ravichandran
176,196,197,28,UBA3,Shashwat,Rawat,India,BCA,06/04/2001,24,BATTER,RHB,RIGHT ARM Medium,,,,,,,,Uncapped,30,Shashwat Rawat
177,197,198,28,UBA3,Andre,Siddarth,India,TNCA,28/08/2006,18,BATTER,RHB,,,,,,,,,Uncapped,30,Andre Siddarth
178,198,199,28,UBA3,Avneesh,Sudha,India,CAU,20/11/2001,23,BATTER,RHB,RIGHT ARM Off Spin,,,,,,,,Uncapped,30,Avneesh Sudha
179,200,201,29,UAL3,Yudhvir,Charak,India,JKCA,13/09/1997,27,ALL-ROUNDER,RHB,RIGHT ARM Fast Medium,,,,5.0,"MI,LSG",LSG,2.0,Uncapped,30,Yudhvir Charak
180,201,202,29,UAL3,Rishi,Dhawan,India,HPCA,19/02/1990,35,ALL-ROUNDER,RHB,RIGHT ARM Fast Medium,,,,39.0,"MI,KKR,PBKS",PBKS,1.0,Uncapped,30,Rishi Dhawan
181,202,203,29,UAL3,Rajvardhan,Hangargekar,India,MACA,10/11/2002,22,ALL-ROUNDER,RHB,RIGHT ARM Fast Medium,,,,2.0,CSK,CSK,0.0,Uncapped,30,Rajvardhan Hangargekar
182,203,204,29,UAL3,Tanush,Kotian,India,MCA,16/10/1998,26,ALL-ROUNDER,RHB,RIGHT ARM Off Spin,,,,1.0,RR,RR,1.0,Uncapped,30,Tanush Kotian
183,204,205,29,UAL3,Arshin,Kulkarni,India,MACA,15/02/2005,20,ALL-ROUNDER,RHB,RIGHT ARM Fast Medium,,,,2.0,LSG,LSG,2.0,Uncapped,30,Arshin Kulkarni
184,205,206,29,UAL3,Shams,Mulani,India,MCA,13/03/1997,28,ALL-ROUNDER,LHB,LEFT ARM Slow Orthodox,,,,2.0,MI,MI,2.0,Uncapped,30,Shams Mulani
185,206,207,29,UAL3,Shivam,Singh,India,TNCA,25/11/1995,29,ALL-ROUNDER,RHB,RIGHT ARM Off Spin,,,,1.0,PBKS,PBKS,1.0,Uncapped,30,Shivam Singh
186,207,208,29,UAL3,Lalit,Yadav,India,DDCA,03/01/1997,28,ALL-ROUNDER,RHB,RIGHT ARM Off Spin,,,,27.0,DC,DC,2.0,Uncapped,30,Lalit Yadav
187,209,210,30,UWK3,L.R,Chethan,India,KSCA,25/05/2000,24,WICKETKEEPER,RHB,RIGHT ARM Off Spin,,,,,,,,Uncapped,30,L.R Chethan
188,210,211,30,UWK3,Aryaman Singh,Dhaliwal,India,PCA,30/04/2002,22,WICKETKEEPER,RHB,LEFT ARM Slow Orthodox,,,,,,,,Uncapped,30,Aryaman Singh Dhaliwal
189,212,213,30,UWK3,Sanskar,Rawat,India,CAU,14/06/2005,19,WICKETKEEPER,LHB,,,,,,,,,Uncapped,30,Sanskar Rawat
190,213,214,30,UWK3,Bipin,Saurabh,India,BICA,20/11/1999,25,WICKETKEEPER,RHB,RIGHT ARM Off Spin,,,,,,,,Uncapped,30,Bipin Saurabh
191,214,215,30,UWK3,Tanay,Thyagarajann,India,HYCA,15/11/1995,29,WICKETKEEPER,LHB,LEFT ARM Slow Orthodox,,,,,,,,Uncapped,30,Tanay Thyagarajann
192,215,216,31,UFA3,Money,Grewal,India,DDCA,04/10/2000,24,BOWLER,RHB,RIGHT ARM Fast,,,,,,,,Uncapped,30,Money Grewal
193,216,217,31,UFA3,Ashwani,Kumar,India,PCA,29/08/2001,23,BOWLER,LHB,LEFT ARM Fast,,,,,,,,Uncapped,30,Ashwani Kumar
194,217,218,31,UFA3,Ishan,Porel,India,CAB,05/09/1998,26,BOWLER,RHB,RIGHT ARM Fast Medium,,,,,,,,Uncapped,30,Ishan Porel
195,218,219,31,UFA3,Abhilash,Shetty,India,KSCA,06/06/1998,26,BOWLER,LHB,LEFT ARM Fast Medium,,,,,,,,Uncapped,30,Abhilash Shetty
196,219,220,31,UFA3,Akash,Singh,India,BCA,26/04/2002,22,BOWLER,RHB,LEFT ARM Fast,,,,,,,,Uncapped,30,Akash Singh
197,220,221,31,UFA3,Gurjapneet,Singh,India,TNCA,08/11/1998,26,BOWLER,RHB,LEFT ARM Fast Medium,,,,,,,,Uncapped,30,Gurjapneet Singh
198,221,222,31,UFA3,Basil,Thampi,India,KCA,11/09/1993,31,BOWLER,RHB,RIGHT ARM Fast,,,,25.0,"GL,SRH,MI",,,Uncapped,30,Basil Thampi
199,222,223,32,USP3,Murugan,Ashwin,India,JKCA,08/09/1990,34,BOWLER,RHB,RIGHT ARM Leg Spin,,,,44.0,"RPS,DC,RCB,PBKS,MI,RR",,,Uncapped,30,Murugan Ashwin
200,223,224,32,USP3,Shreyas,Chavan,India,MACA,01/09/2003,21,BOWLER,LHB,RIGHT ARM Leg Spin,,,,,,,,Uncapped,30,Shreyas Chavan
201,224,225,32,USP3,Chintal,Gandhi,India,BCA,25/08/1994,30,BOWLER,LHB,RIGHT ARM Leg Spin,,,,,,,,Uncapped,30,Chintal Gandhi
202,225,226,32,USP3,Raghav,Goyal,India,HCA,20/06/2001,23,BOWLER,LHB,LEFT ARM Slow Unorthodox,,,,1.0,MI,,,Uncapped,30,Raghav Goyal
203,226,227,32,USP3,Jagadeesha,Suchith,India,NCA,16/01/1994,31,BOWLER,LHB,LEFT ARM Slow Orthodox,,,,22.0,"MI,DC,PBKS,SRH",,,Uncapped,30,Jagadeesha Suchith
204,227,228,32,USP3,Roshan,Waghsare,India,MACA,07/09/2003,21,BOWLER,RHB,LEFT ARM Slow Unorthodox,,,,,,,,Uncapped,30,Roshan Waghsare
205,228,229,32,USP3,Bailapudi,Yeswanth,India,ACA,19/03/2005,20,BOWLER,RHB,RIGHT ARM Leg Spin,,,,,,,,Uncapped,30,Bailapudi Yeswanth
206,229,230,33,BA4,Sediqullah,Atal,Afghanistan,,12/08/2001,23,BATTER,LHB,,,,6.0,,,,,Capped,75,Sediqullah Atal
207,230,231,33,BA4,Matthew,Breetzke,South Africa,,03/11/1998,26,BATTER,RHB,,,,8.0,,,,,Capped,75,Matthew Breetzke
208,231,232,33,BA4,Mark,Chapman,New Zealand,,27/06/1994,30,BATTER,LHB,LEFT ARM Slow Orthodox,,23.0,76.0,,,,,Capped,150,Mark Chapman
209,232,233,33,BA4,Brandon,King,West Indies,,16/12/1994,30,BATTER,RHB,RIGHT ARM Off Spin,,37.0,58.0,,,,,Capped,75,Brandon King
210,233,234,33,BA4,Evin,Lewis,West Indies,,27/12/1991,33,BATTER,LHB,,,59.0,56.0,27.0,"MI,RR,LSG",,,Capped,200,Evin Lewis
211,234,235,33,BA4,Pathum,Nissanka,Sri Lanka,,18/05/1998,26,BATTER,RHB,RIGHT ARM Off Spin,13.0,58.0,57.0,,,,,Capped,75,Pathum Nissanka
212,235,236,33,BA4,Bhanuka,Rajapaksa,Sri Lanka,,24/10/1991,33,BATTER,LHB,,,5.0,40.0,13.0,PBKS,,,Capped,75,Bhanuka Rajapaksa
213,236,237,33,BA4,Steve,Smith,Australia,,02/06/1989,35,BATTER,RHB,,109.0,163.0,67.0,103.0,"PWI,RPS,RR,DC",,,Capped,200,Steve Smith
214,237,238,34,AL4,Gus,Atkinson,England,,19/01/1998,27,ALL-ROUNDER,RHB,RIGHT ARM Fast,8.0,9.0,3.0,0.0,KKR,KKR,0.0,Capped,200,Gus Atkinson
215,238,239,34,AL4,Tom,Curran,England,,12/03/1995,30,ALL-ROUNDER,RHB,RIGHT ARM Fast Medium,2.0,28.0,30.0,13.0,"KKR,RR,DC,RCB",RCB,0.0,Capped,200,Tom Curran
216,239,240,34,AL4,Krishnappa,Gowtham,India,KSCA,20/10/1988,36,ALL-ROUNDER,RHB,RIGHT ARM Off Spin,,1.0,,36.0,"MI,RR,PBKS,CSK,LSG",LSG,1.0,Capped,100,Krishnappa Gowtham
217,240,241,34,AL4,Mohammad,Nabi,Afghanistan,,01/01/1985,40,ALL-ROUNDER,RHB,RIGHT ARM Off Spin,3.0,164.0,129.0,24.0,"SRH,MI,KKR",MI,2.0,Capped,150,Mohammad Nabi
218,241,242,34,AL4,Gulbadin,Naib,Afghanistan,,04/06/1991,33,ALL-ROUNDER,RHB,RIGHT ARM Fast Medium,,83.0,73.0,2.0,DC,DC,2.0,Capped,100,Gulbadin Naib
219,242,243,34,AL4,Sikandar,Raza,Zimbabwe,,24/04/1986,38,ALL-ROUNDER,RHB,RIGHT ARM Off Spin,17.0,142.0,96.0,9.0,PBKS,PBKS,2.0,Capped,125,Sikandar Raza
220,243,244,34,AL4,Mitchell,Santner,New Zealand,,05/02/1992,33,ALL-ROUNDER,LHB,LEFT ARM Slow Orthodox,29.0,104.0,104.0,18.0,CSK,CSK,3.0,Capped,200,Mitchell Santner
221,244,245,34,AL4,Jayant,Yadav,India,HCA,22/01/1990,35,ALL-ROUNDER,RHB,RIGHT ARM Off Spin,6.0,2.0,,20.0,"DC,MI,GT",GT,0.0,Capped,75,Jayant Yadav
222,245,246,35,WK4,Johnson,Charles,West Indies,,14/01/1989,36,WICKETKEEPER,RHB,RIGHT ARM Off Spin,,58.0,57.0,,,,,Capped,75,Johnson Charles
223,246,247,35,WK4,Litton,Das,Bangladesh,,13/10/1994,30,WICKETKEEPER,RHB,RIGHT ARM Off Spin,46.0,91.0,92.0,1.0,KKR,,,Capped,75,Litton Das
224,247,248,35,WK4,Andre,Fletcher,West Indies,,28/11/1987,37,WICKETKEEPER,RHB,RIGHT ARM Leg Spin,,25.0,58.0,,,,,Capped,75,Andre Fletcher
225,248,249,35,WK4,Tom,Latham,New Zealand,,02/04/1992,33,WICKETKEEPER,LHB,,84.0,147.0,26.0,,,,,Capped,150,Tom Latham
226,249,250,35,WK4,Ollie,Pope,England,,02/01/1998,27,WICKETKEEPER,RHB,,52.0,,,,,,,Capped,75,Ollie Pope
227,250,251,35,WK4,Kyle,Verreynne,South Africa,,12/05/1997,27,WICKETKEEPER,RHB,,20.0,17.0,,,,,,Capped,75,Kyle Verreynne
228,251,252,36,FA4,Fazalhaq,Farooqi,Afghanistan,,22/09/2000,24,BOWLER,RHB,LEFT ARM Fast Medium,,34.0,42.0,7.0,SRH,SRH,0.0,Capped,200,Fazalhaq Farooqi
229,252,253,36,FA4,Richard,Gleeson,England,,02/12/1987,37,BOWLER,RHB,RIGHT ARM Fast,,,6.0,2.0,CSK,CSK,2.0,Capped,75,Richard Gleeson
230,253,254,36,FA4,Matt,Henry,New Zealand,,14/12/1991,33,BOWLER,RHB,RIGHT ARM Fast Medium,26.0,82.0,18.0,6.0,"PBKS,LSG",LSG,4.0,Capped,200,Matt Henry
231,254,255,36,FA4,Alzarri,Joseph,West Indies,,20/11/1996,28,BOWLER,RHB,RIGHT ARM Fast,35.0,72.0,32.0,22.0,"MI,GT,RCB",RCB,3.0,Capped,200,Alzarri Joseph
232,255,256,36,FA4,Kwena,Maphaka,South Africa,,08/04/2006,18,BOWLER,LHB,LEFT ARM Fast,,,3.0,2.0,MI,MI,2.0,Capped,75,Kwena Maphaka
233,256,257,36,FA4,Kuldeep,Sen,India,MPCA,22/10/1996,28,BOWLER,RHB,RIGHT ARM Fast,,1.0,,12.0,RR,RR,3.0,Capped,75,Kuldeep Sen
234,257,258,36,FA4,Reece,Topley,England,,21/02/1994,31,BOWLER,RHB,LEFT ARM Fast,,29.0,34.0,5.0,RCB,RCB,4.0,Capped,75,Reece Topley
235,258,259,36,FA4,Lizaad,Williams,South Africa,,01/10/1993,31,BOWLER,LHB,RIGHT ARM Fast,2.0,7.0,15.0,2.0,DC,DC,2.0,Capped,75,Lizaad Williams
236,259,260,36,FA4,Luke,Wood,England,,02/08/1995,29,BOWLER,LHB,LEFT ARM Fast,,2.0,5.0,2.0,MI,MI,2.0,Capped,75,Luke Wood
237,260,261,37,UBA4,Sachin,Dhas,India,MACA,03/02/2005,20,BATTER,RHB,RIGHT ARM Off Spin,,,,,,,,Uncapped,30,Sachin Dhas
238,261,262,37,UBA4,Leus,Du Plooy,England,,12/01/1995,30,BATTER,LHB,,,,,,,,,Uncapped,50,Leus Du Plooy
239,263,264,37,UBA4,Rohan,Kunnummal,India,KCA,10/05/1998,26,BATTER,RHB,RIGHT ARM Off Spin,,,,,,,,Uncapped,30,Rohan Kunnummal
240,264,265,37,UBA4,Ayush,Pandey,India,CSCSCA,19/09/2003,21,BATTER,LHB,RIGHT ARM Off Spin,,,,,,,,Uncapped,30,Ayush Pandey
241,265,266,37,UBA4,Akshat,Raghuwanshi,India,MPCA,15/09/2003,21,BATTER,RHB,,,,,,,,,Uncapped,30,Akshat Raghuwanshi
242,266,267,37,UBA4,Shoun,Roger,India,KCA,16/10/2002,22,BATTER,RHB,RIGHT ARM Off Spin,,,,,,,,Uncapped,40,Shoun Roger
243,267,268,37,UBA4,Virat,Singh,India,JSCA,08/12/1997,27,BATTER,LHB,RIGHT ARM Off Spin,,,,3.0,SRH,,,Uncapped,30,Virat Singh
244,268,269,38,UAL4,Priyansh,Arya,India,DDCA,18/09/2001,23,ALL-ROUNDER,LHB,RIGHT ARM Off Spin,,,,,,,,Uncapped,30,Priyansh Arya
245,270,271,38,UAL4,Pravin,Dubey,India,KSCA,01/07/1993,31,ALL-ROUNDER,RHB,RIGHT ARM Leg Spin,,,,4.0,DC,DC,0.0,Uncapped,30,Pravin Dubey
246,272,273,38,UAL4,Prerak,Mankad,India,SCA,23/04/1994,30,ALL-ROUNDER,RHB,RIGHT ARM Medium,,,,5.0,"PBKS,LSG",LSG,0.0,Uncapped,30,Prerak Mankad
247,273,274,38,UAL4,Vipraj,Nigam,India,UPCA,28/07/2004,20,ALL-ROUNDER,RHB,RIGHT ARM Leg Spin,,,,,,,,Uncapped,30,Vipraj Nigam
248,276,277,39,UWK4,Salil,Arora,India,PCA,07/11/2002,22,WICKETKEEPER,RHB,,,,,,,,,Uncapped,30,Salil Arora
249,277,278,39,UWK4,Dinesh,Bana,India,HCA,15/09/2004,20,WICKETKEEPER,RHB,,,,,,,,,Uncapped,30,Dinesh Bana
250,278,279,39,UWK4,Ajitesh,Guruswamy,India,TNCA,26/09/2002,22,WICKETKEEPER,RHB,,,,,,,,,Uncapped,30,Ajitesh Guruswamy
251,279,280,39,UWK4,Narayan,Jagadeesan,India,TNCA,24/12/1995,29,WICKETKEEPER,RHB,,,,,13.0,"CSK,KKR",,,Uncapped,30,Narayan Jagadeesan
252,280,281,39,UWK4,Shrijith,Krishnan,India,KSCA,12/08/1996,28,WICKETKEEPER,LHB,,,,,,,,,Uncapped,30,Shrijith Krishnan
253,281,282,39,UWK4,Michael,Pepper,England,,25/06/1998,26,WICKETKEEPER,RHB,,,,,,,,,Uncapped,50,Michael Pepper
254,282,283,39,UWK4,Vishnu,Solanki,India,BCA,15/10/1992,32,WICKETKEEPER,RHB,,,,,,,,,Uncapped,30,Vishnu Solanki
255,283,284,40,UFA4,K.M,Asif,India,KCA,24/07/1993,31,BOWLER,RHB,RIGHT ARM Fast,,,,7.0,"CSK,RR",,,Uncapped,30,K.M Asif
256,284,285,40,UFA4,Akhil,Chaudhary,India,DDCA,15/07/2002,22,BOWLER,RHB,RIGHT ARM Fast,,,,,,,,Uncapped,30,Akhil Chaudhary
257,285,286,40,UFA4,Himanshu,Chauhan,India,DDCA,18/01/2003,22,BOWLER,RHB,RIGHT ARM Fast,,,,,,,,Uncapped,30,Himanshu Chauhan
258,287,288,40,UFA4,Nishanth,Saranu,India,HYCA,03/03/2005,20,BOWLER,RHB,RIGHT ARM Fast Medium,,,,,,,,Uncapped,30,Nishanth Saranu
259,288,289,40,UFA4,Kuldip,Yadav,India,DDCA,15/10/1996,28,BOWLER,LHB,LEFT ARM Fast,,,,3.0,RR,,,Uncapped,30,Kuldip Yadav
260,289,290,40,UFA4,Prithviraj,Yarra,India,ACA,20/02/1998,27,BOWLER,LHB,LEFT ARM Fast,,,,2.0,"KKR,SRH",,,Uncapped,30,Prithviraj Yarra
261,290,291,41,USP4,Shubham,Agrawal,India,CSCSCA,21/11/1993,31,BOWLER,RHB,RIGHT ARM Leg Spin,,,,,,,,Uncapped,30,Shubham Agrawal
262,291,292,41,USP4,Jass Inder,Baidwan,India,PCA,14/12/1996,28,BOWLER,RHB,RIGHT ARM Off Spin,,,,,,,,Uncapped,30,Jass Inder Baidwan
263,292,293,41,USP4,Jasmer,Dhankhar,India,UPCA,16/10/1998,26,BOWLER,RHB,RIGHT ARM Leg Spin,,,,,,,,Uncapped,30,Jasmer Dhankhar
264,293,294,41,USP4,Pulkit,Narang,India,SSCB,18/06/1994,30,BOWLER,RHB,RIGHT ARM Off Spin,,,,,,,,Uncapped,30,Pulkit Narang
265,294,295,41,USP4,Saumy,Pandey,India,MPCA,04/11/2004,20,BOWLER,LHB,LEFT ARM Slow Orthodox,,,,,,,,Uncapped,30,Saumy Pandey
266,295,296,41,USP4,Mohit,Rathee,India,SSCB,13/01/1999,26,BOWLER,RHB,RIGHT ARM Leg Spin,,,,1.0,PBKS,,,Uncapped,30,Mohit Rathee
267,296,297,41,USP4,Himanshu,Singh,India,MCA,24/07/2003,21,BOWLER,RHB,RIGHT ARM Off Spin,,,,,,,,Uncapped,30,Himanshu Singh
268,297,298,42,BA5,Towhid,Hridoy,Bangladesh,,04/12/2000,24,BATTER,RHB,RIGHT ARM Off Spin,,30.0,32.0,,,,,Capped,75,Towhid Hridoy
269,298,299,42,BA5,Mikyle,Louis,West Indies,,19/08/2000,24,BATTER,RHB,,5.0,,,,,,,Capped,75,Mikyle Louis
270,299,300,42,BA5,Harry,Tector,Ireland,,06/12/1999,25,BATTER,RHB,RIGHT ARM Off Spin,6.0,46.0,81.0,,,,,Capped,75,Harry Tector
271,300,301,42,BA5,Rassie,Van Der Dussen,South Africa,,07/02/1989,36,BATTER,RHB,RIGHT ARM Off Spin,15.0,65.0,48.0,3.0,RR,,,Capped,200,Rassie Van Der Dussen
272,301,302,42,BA5,Will,Young,New Zealand,,22/11/1992,32,BATTER,RHB,,19.0,31.0,20.0,,,,,Capped,125,Will Young
273,302,303,42,BA5,Najibullah,Zadran,Afghanistan,,28/02/1993,32,BATTER,LHB,,,92.0,107.0,,,,,Capped,75,Najibullah Zadran
274,303,304,42,BA5,Ibrahim,Zadran,Afghanistan,,12/01/2001,24,BATTER,RHB,RIGHT ARM Medium,7.0,33.0,44.0,,,,,Capped,75,Ibrahim Zadran
275,304,305,43,AL5,Sean,Abbott,Australia,,29/02/1992,33,ALL-ROUNDER,RHB,RIGHT ARM Fast Medium,,24.0,20.0,3.0,"RCB,SRH",,,Capped,200,Sean Abbott
276,305,306,43,AL5,Jacob                               Bethell                    England,,,,23/10/2003,21,ALL-ROUNDER,LHB       LEFT ARM Slow Orthodox,,,6.0,2.0,,,,,Capped,125,
277,306,307,43,AL5,Brydon,Carse,England,,31/07/1995,29,ALL-ROUNDER,RHB,RIGHT ARM Fast,2.0,19.0,4.0,,,,,Capped,100,Brydon Carse
278,307,308,43,AL5,Aaron,Hardie,Australia,,07/01/1999,26,ALL-ROUNDER,RHB,RIGHT ARM Medium,,8.0,10.0,,,,,Capped,125,Aaron Hardie
279,308,309,43,AL5,Sarfaraz,Khan,India,MCA,22/10/1997,27,ALL-ROUNDER,RHB,RIGHT ARM Leg Spin,5.0,,,50.0,"RCB,PBKS,DC",,,Capped,75,Sarfaraz Khan
280,309,310,43,AL5,Kyle,Mayers,West Indies,,08/09/1992,32,ALL-ROUNDER,LHB,RIGHT ARM Fast Medium,18.0,28.0,38.0,12.0,LSG,LSG,0.0,Capped,150,Kyle Mayers
281,310,311,43,AL5,Kamindu,Mendis,Sri Lanka,,30/09/1998,26,ALL-ROUNDER,LHB,LEFT ARM Slow Orthodox,8.0,10.0,19.0,,,,,Capped,75,Kamindu Mendis
282,311,312,43,AL5,Matthew,Short,Australia,,08/11/1995,29,ALL-ROUNDER,RHB,RIGHT ARM Off Spin,,8.0,11.0,6.0,PBKS,,,Capped,75,Matthew Short
283,312,313,44,FA5,Jason,Behrendorff,Australia,,20/04/1990,34,BOWLER,RHB,LEFT ARM Fast,,12.0,17.0,17.0,"CSK,RCB,MI",MI,0.0,Capped,150,Jason Behrendorff
284,313,314,44,FA5,Dushmantha,Chameera,Sri Lanka,,11/01/1992,33,BOWLER,RHB,RIGHT ARM Fast,12.0,52.0,55.0,13.0,"RR,RCB,LSG,KKR",LSG,1.0,Capped,75,Dushmantha Chameera
285,314,315,44,FA5,Nathan,Ellis,Australia,,22/09/1994,30,BOWLER,RHB,RIGHT ARM Fast Medium,,8.0,17.0,16.0,PBKS,PBKS,1.0,Capped,125,Nathan Ellis
286,315,316,44,FA5,Shamar,Joseph,West Indies,,31/08/1999,25,BOWLER,LHB,RIGHT ARM Fast,6.0,,8.0,1.0,LSG,LSG,1.0,Capped,75,Shamar Joseph
287,316,317,44,FA5,Josh,Little,Ireland,,01/11/1999,25,BOWLER,RHB,LEFT ARM Fast Medium,,36.0,69.0,11.0,GT,GT,1.0,Capped,75,Josh Little
288,317,318,44,FA5,Shivam,Mavi,India,UPCA,26/11/1998,26,BOWLER,RHB,RIGHT ARM Fast Medium,,,6.0,32.0,"KKR,GT,LSG",GT,0.0,Capped,75,Shivam Mavi
289,318,319,44,FA5,Jhye,Richardson,Australia,,20/09/1996,28,BOWLER,RHB,RIGHT ARM Fast,3.0,15.0,18.0,4.0,"PBKS,MI,DC",DC,1.0,Capped,150,Jhye Richardson
290,319,320,44,FA5,Navdeep,Saini,India,DDCA,23/11/1992,32,BOWLER,RHB,RIGHT ARM Fast,2.0,8.0,11.0,32.0,"DC,RCB,RR",RR,0.0,Capped,75,Navdeep Saini
291,321,322,45,UBA5,Amandeep,Khare,India,CSCSCA,05/08/1997,27,BATTER,RHB,RIGHT ARM Off Spin,,,,,,,,Uncapped,30,Amandeep Khare
292,322,323,45,UBA5,Ayush,Mhatre,India,MCA,16/07/2007,17,BATTER,RHB,RIGHT ARM Off Spin,,,,,,,,Uncapped,30,Ayush Mhatre
293,323,324,45,UBA5,Salman,Nizar,India,KCA,30/06/1997,27,BATTER,LHB,,,,,,,,,Uncapped,30,Salman Nizar
294,324,325,45,UBA5,Aniket,Verma,India,MPCA,05/02/2002,23,BATTER,RHB,,,,,,,,,Uncapped,30,Aniket Verma
295,325,326,45,UBA5,Sumeet,Verma,India,HPCA,18/11/1990,34,BATTER,RHB,RIGHT ARM Leg Spin,,,,,,,,Uncapped,30,Sumeet Verma
296,326,327,45,UBA5,Manan,Vohra,India,UTCA,18/07/1993,31,BATTER,RHB,,,,,56.0,"PBKS,RCB,RR,LSG",,,Uncapped,30,Manan Vohra
297,328,329,46,UAL5,Raj Angad,Bawa,India,UTCA,12/11/2002,22,ALL-ROUNDER,LHB,RIGHT ARM Fast Medium,,,,2.0,PBKS,,,Uncapped,30,Raj Angad Bawa
298,329,330,46,UAL5,Emanjot,Chahal,India,PCA,17/08/2004,20,ALL-ROUNDER,RHB,LEFT ARM Slow Orthodox,,,,,,,,Uncapped,30,Emanjot Chahal
299,330,331,46,UAL5,Musheer,Khan,India,MCA,27/02/2005,20,ALL-ROUNDER,RHB,LEFT ARM Slow Orthodox,,,,,,,,Uncapped,30,Musheer Khan
300,331,332,46,UAL5,Manvanth,Kumar L,India,KSCA,11/01/2004,21,ALL-ROUNDER,LHB,RIGHT ARM Fast Medium,,,,,,,,Uncapped,30,Manvanth Kumar L
301,332,333,46,UAL5,Mayank,Rawat,India,DDCA,04/12/1999,25,ALL-ROUNDER,RHB,RIGHT ARM Off Spin,,,,,,,,Uncapped,30,Mayank Rawat
302,333,334,46,UAL5,Suryansh,Shedge,India,MCA,29/01/2003,22,ALL-ROUNDER,RHB,RIGHT ARM Fast Medium,,,,,,,,Uncapped,30,Suryansh Shedge
303,334,335,46,UAL5,Hritik,Shokeen,India,DDCA,14/08/2000,24,ALL-ROUNDER,RHB,RIGHT ARM Off Spin,,,,13.0,MI,,,Uncapped,30,Hritik Shokeen
304,336,337,47,UWK5,S. Rithik,Easwaran,India,TNCA,15/02/2002,23,WICKETKEEPER,LHB,,,,,,,,,Uncapped,30,S. Rithik Easwaran
305,337,338,47,UWK5,Anmol,Malhotra,India,PCA,29/11/1995,29,WICKETKEEPER,RHB,RIGHT ARM Off Spin,,,,,,,,Uncapped,30,Anmol Malhotra
306,338,339,47,UWK5,Pradosh,Paul,India,TNCA,21/12/2000,24,WICKETKEEPER,LHB,RIGHT ARM Off Spin,,,,,,,,Uncapped,30,Pradosh Paul
307,339,340,47,UWK5,Karteek,Sharma,India,PCA,25/10/2001,23,WICKETKEEPER,LHB,RIGHT ARM Off Spin,,,,,,,,Uncapped,30,Karteek Sharma
308,340,341,47,UWK5,Akash,Singh,India,ARCA,20/12/1995,29,WICKETKEEPER,RHB,RIGHT ARM Leg Spin,,,,,,,,Uncapped,30,Akash Singh
309,341,342,47,UWK5,Tejasvi,Singh,India,DDCA,18/04/2002,22,WICKETKEEPER,RHB,RIGHT ARM Off Spin,,,,,,,,Uncapped,30,Tejasvi Singh
310,342,343,47,UWK5,Siddharth,Yadav,India,UPCA,13/08/2003,21,WICKETKEEPER,LHB,RIGHT ARM Medium,,,,,,,,Uncapped,30,Siddharth Yadav
311,344,345,48,UFA5,Aaqib,Khan,India,UPCA,25/12/2003,21,BOWLER,RHB,RIGHT ARM Fast Medium,,,,,,,,Uncapped,30,Aaqib Khan
312,345,346,48,UFA5,Kulwant,Khejroliya,India,MPCA,13/03/1992,33,BOWLER,LHB,LEFT ARM Fast Medium,,,,7.0,"MI,RCB,KKR",,,Uncapped,30,Kulwant Khejroliya
313,346,347,48,UFA5,Ankit Singh,Rajpoot,India,UPCA,04/12/1993,31,BOWLER,RHB,RIGHT ARM Fast Medium,,,,29.0,"CSK,KKR,PBKS,RR,LSG",,,Uncapped,30,Ankit Singh Rajpoot
314,347,348,48,UFA5,Divesh,Sharma,India,HPCA,20/04/2001,23,BOWLER,RHB,RIGHT ARM Fast,,,,,,,,Uncapped,30,Divesh Sharma
315,348,349,48,UFA5,Naman,Tiwari,India,UPCA,08/11/2005,19,BOWLER,LHB,LEFT ARM Fast,,,,,,,,Uncapped,30,Naman Tiwari
316,349,350,48,UFA5,Prince,Yadav,India,DDCA,12/12/2001,23,BOWLER,RHB,RIGHT ARM Fast,,,,,,,,Uncapped,30,Prince Yadav
317,350,351,49,USP5,Kunal Singh,Chibb,India,JKCA,31/03/1997,28,BOWLER,RHB,RIGHT ARM Leg Spin,,,,,,,,Uncapped,30,Kunal Singh Chibb
318,351,352,49,USP5,Yuvraj,Chudasama,India,SCA,23/11/1995,29,BOWLER,LHB,RIGHT ARM Leg Spin,,,,,,,,Uncapped,30,Yuvraj Chudasama
319,352,353,49,USP5,Deepak,Devadiga,India,KSCA,14/04/1999,25,BOWLER,RHB,RIGHT ARM Leg Spin,,,,,,,,Uncapped,30,Deepak Devadiga
320,353,354,49,USP5,Ramesh,Prasad,India,CAB,30/01/1994,31,BOWLER,LHB,LEFT ARM Slow Orthodox,,,,,,,,Uncapped,30,Ramesh Prasad
321,354,355,49,USP5,Shivam,Shukla,India,MPCA,11/12/1995,29,BOWLER,RHB,RIGHT ARM Leg Spin,,,,,,,,Uncapped,30,Shivam Shukla
322,355,356,49,USP5,Himanshu,Singh,India,BICA,23/09/1997,27,BOWLER,RHB,RIGHT ARM Leg Spin,,,,,,,,Uncapped,30,Himanshu Singh
323,356,357,49,USP5,Tejpreet,Singh,India,PCA,11/08/2000,24,BOWLER,RHB,RIGHT ARM Leg Spin,,,,,,,,Uncapped,30,Tejpreet Singh
324,357,358,50,AL6,Qais,Ahmad,Afghanistan,,15/08/2000,24,ALL-ROUNDER,RHB,RIGHT ARM Leg Spin,2.0,3.0,11.0,,,,,Capped,75,Qais Ahmad
325,358,359,50,AL6,Charith,Asalanka,Sri Lanka,,29/06/1997,27,ALL-ROUNDER,LHB,RIGHT ARM Off Spin,3.0,63.0,53.0,,,,,Capped,75,Charith Asalanka
326,359,360,50,AL6,Michael,Bracewell,New Zealand,,14/02/1991,34,ALL-ROUNDER,LHB,RIGHT ARM Off Spin,5.0,19.0,22.0,5.0,RCB,,,Capped,150,Michael Bracewell
327,360,361,50,AL6,Gudakesh,Motie,West Indies,,29/03/1995,30,ALL-ROUNDER,LHB,LEFT ARM Slow Orthodox,9.0,14.0,21.0,,,,,Capped,75,Gudakesh Motie
328,361,362,50,AL6,Daniel,Mousley,England,,08/07/2001,23,ALL-ROUNDER,LHB,RIGHT ARM Off Spin,,1.0,,,,,,Capped,75,Daniel Mousley
329,362,363,50,AL6,Jamie,Overton,England,,10/04/1984,41,ALL-ROUNDER,RHB,RIGHT ARM Fast,1.0,1.0,2.0,,,,,Capped,150,Jamie Overton
330,363,364,50,AL6,Dunith,Wellalage,Sri Lanka,,09/01/2003,22,ALL-ROUNDER,LHB,LEFT ARM Slow Orthodox,1.0,25.0,2.0,,,,,Capped,75,Dunith Wellalage
331,364,365,51,FA6,Ottneil,Baartman,South Africa,,18/03/1993,32,BOWLER,RHB,RIGHT ARM Fast Medium,,3.0,10.0,,,,,Capped,75,Ottneil Baartman
332,365,366,51,FA6,Xavier,Bartlett,Australia,,17/12/1998,26,BOWLER,RHB,RIGHT ARM Fast Medium,,2.0,4.0,,,,,Capped,75,Xavier Bartlett
333,366,367,51,FA6,Dilshan,Madushanka,Sri Lanka,,18/09/2000,24,BOWLER,RHB,LEFT ARM Fast,1.0,23.0,15.0,0.0,MI,MI,0.0,Capped,75,Dilshan Madushanka
334,367,368,51,FA6,Adam,Milne,New Zealand,,13/04/1992,32,BOWLER,RHB,RIGHT ARM Fast,,49.0,53.0,10.0,"RCB,MI,CSK",,,Capped,200,Adam Milne
335,368,369,51,FA6,Lungisani,Ngidi,South Africa,,29/03/1996,29,BOWLER,RHB,RIGHT ARM Fast Medium,19.0,62.0,43.0,14.0,"CSK,DC",DC,0.0,Capped,100,Lungisani Ngidi
336,369,370,51,FA6,William,O'Rourke,New Zealand,,06/08/2001,23,BOWLER,RHB,RIGHT ARM Fast,6.0,3.0,3.0,,,,,Capped,150,William O'Rourke
337,370,371,51,FA6,Chetan,Sakariya,India,SCA,28/02/1998,27,BOWLER,LHB,LEFT ARM Medium,,1.0,2.0,19.0,"RR,DC,KKR",KKR,0.0,Capped,75,Chetan Sakariya
338,371,372,51,FA6,Sandeep,Warrier,India,TNCA,04/04/1991,34,BOWLER,RHB,RIGHT ARM Fast Medium,,,1.0,10.0,"KKR,GT",,,Capped,75,Sandeep Warrier
339,372,373,52,UBA6,Musaif,Ajaz,India,JKCA,03/08/2002,22,BATTER,RHB,LEFT ARM Slow Orthodox,,,,,,,,Uncapped,30,Musaif Ajaz
340,373,374,52,UBA6,Agni,Chopra,India,CAM,04/11/1998,26,BATTER,LHB,,,,,,,,,Uncapped,30,Agni Chopra
341,374,375,52,UBA6,Abhimanyu,Easwaran,India,CAB,06/09/1995,29,BATTER,RHB,RIGHT ARM Leg Spin,,,,,,,,Uncapped,30,Abhimanyu Easwaran
342,375,376,52,UBA6,Sudip,Gharami,India,CAB,21/03/1999,26,BATTER,RHB,,,,,,,,,Uncapped,30,Sudip Gharami
343,376,377,52,UBA6,Shubham,Khajuria,India,JKCA,13/09/1995,29,BATTER,RHB,RIGHT ARM Off Spin,,,,,,,,Uncapped,30,Shubham Khajuria
344,377,378,52,UBA6,Akhil,Rawat,India,CAU,04/11/2000,24,BATTER,RHB,,,,,,,,,Uncapped,30,Akhil Rawat
345,378,379,52,UBA6,Prateek,Yadav,India,CSCSCA,16/02/1999,26,BATTER,LHB,RIGHT ARM Off Spin,,,,,,,,Uncapped,30,Prateek Yadav
346,379,380,53,UAL6,Abdul,Bazith,India,KCA,09/10/1998,26,ALL-ROUNDER,RHB,RIGHT ARM Off Spin,,,,1.0,RR,,,Uncapped,30,Abdul Bazith
347,380,381,53,UAL6,K.C,Cariappa,India,CAM,13/04/1994,30,ALL-ROUNDER,RHB,RIGHT ARM Leg Spin,,,,11.0,"PBKS,KKR,RR",,,Uncapped,30,K.C Cariappa
348,381,382,53,UAL6,Yuvraj,Chaudhary,India,CAU,06/10/2001,23,ALL-ROUNDER,LHB,LEFT ARM Slow Orthodox,,,,,,,,Uncapped,30,Yuvraj Chaudhary
349,382,383,53,UAL6,Aman,Khan,India,CAP,23/11/1996,28,ALL-ROUNDER,RHB,RIGHT ARM Fast Medium,,,,12.0,"KKR,DC",,,Uncapped,30,Aman Khan
350,383,384,53,UAL6,Sumit,Kumar,India,HCA,12/12/1995,29,ALL-ROUNDER,RHB,RIGHT ARM Fast Medium,,,,,,,,Uncapped,30,Sumit Kumar
351,384,385,53,UAL6,Kamlesh,Nagarkoti,India,RCA,28/12/1999,25,ALL-ROUNDER,RHB,RIGHT ARM Fast,,,,12.0,"KKR,DC",,,Uncapped,30,Kamlesh Nagarkoti
352,385,386,53,UAL6,Hardik,Raj,India,KSCA,10/03/2006,19,ALL-ROUNDER,LHB,LEFT ARM Slow Orthodox,,,,,,,,Uncapped,30,Hardik Raj
353,386,387,53,UAL6,Harsh,Tyagi,India,DDCA,23/12/1999,25,ALL-ROUNDER,LHB,LEFT ARM Slow Orthodox,,,,,,,,Uncapped,30,Harsh Tyagi
354,387,388,54,UWK6,M.,Ajnas,India,KCA,08/05/1997,27,WICKETKEEPER,RHB,RIGHT ARM Off Spin,,,,,,,,Uncapped,30,M. Ajnas
355,388,389,54,UWK6,Unmukt,Chand,USA,,26/03/1993,32,WICKETKEEPER,RHB,,,,,21.0,"DC,RR,MI",,,Associate,30,Unmukt Chand
356,389,390,54,UWK6,Tejasvi,Dahiya,India,DDCA,18/04/2002,22,WICKETKEEPER,RHB,,,,,,,,,Uncapped,30,Tejasvi Dahiya
357,390,391,54,UWK6,Sumit,Ghadigaonkar,India,ASCA,11/04/1992,32,WICKETKEEPER,RHB,,,,,,,,,Uncapped,30,Sumit Ghadigaonkar
358,391,392,54,UWK6,Baba,Indrajith,India,TNCA,08/07/1994,30,WICKETKEEPER,RHB,RIGHT ARM Off Spin,,,,3.0,KKR,,,Uncapped,30,Baba Indrajith
359,392,393,54,UWK6,Muhammed,Khan,India,TNCA,30/12/2000,24,WICKETKEEPER,RHB,RIGHT ARM Off Spin,,,,,,,,Uncapped,30,Muhammed Khan
360,393,394,54,UWK6,Bhagmender,Lather,India,UTCA,18/06/1997,27,WICKETKEEPER,LHB,LEFT ARM Slow Orthodox,,,,,,,,Uncapped,30,Bhagmender Lather
361,395,396,55,UFA6,Ali,Khan,USA,,13/12/1990,34,BOWLER,RHB,RIGHT ARM Fast,,,,0.0,KKR,,,Associate,30,Ali Khan
362,396,397,55,UFA6,Ravi,Kumar,India,CAB,29/10/2003,21,BOWLER,LHB,LEFT ARM Fast Medium,,,,,,,,Uncapped,30,Ravi Kumar
363,397,398,55,UFA6,Vineet,Panwar,India,UPCA,28/06/1998,26,BOWLER,RHB,RIGHT ARM Fast,,,,,,,,Uncapped,30,Vineet Panwar
364,398,399,55,UFA6,Vidyadhar,Patil,India,KSCA,05/09/2000,24,BOWLER,RHB,RIGHT ARM Fast Medium,,,,,,,,Uncapped,30,Vidyadhar Patil
365,399,400,55,UFA6,Aradhya,Shukla,India,PCA,06/12/2004,20,BOWLER,RHB,RIGHT ARM Fast,,,,,,,,Uncapped,30,Aradhya Shukla
366,400,401,55,UFA6,Abhinandan,Singh,India,UPCA,30/03/1997,28,BOWLER,RHB,RIGHT ARM Fast Medium,,,,,,,,Uncapped,30,Abhinandan Singh
367,401,402,56,AL7,Cooper,Connolly,Australia,,22/08/2003,21,ALL-ROUNDER,LHB,LEFT ARM Slow Orthodox,,1.0,2.0,,,,,Capped,75,Cooper Connolly
368,402,403,56,AL7,Dushan,Hemantha,Sri Lanka,,24/05/1994,30,ALL-ROUNDER,RHB,RIGHT ARM Leg Spin,,5.0,,,,,,Capped,75,Dushan Hemantha
369,403,404,56,AL7,Jason,Holder,West Indies,,05/11/1991,33,ALL-ROUNDER,RHB,RIGHT ARM Fast,69.0,138.0,63.0,46.0,"CSK,KKR,SRH,LSG,RR",,,Capped,200,Jason Holder
370,404,405,56,AL7,Karim,Janat,Afghanistan,,11/08/1998,26,ALL-ROUNDER,RHB,RIGHT ARM Fast Medium,2.0,3.0,66.0,,,,,Capped,75,Karim Janat
371,405,406,56,AL7,Jimmy,Neesham,New Zealand,,17/09/1990,34,ALL-ROUNDER,LHB,RIGHT ARM Fast Medium,12.0,76.0,79.0,14.0,"DC,PBKS,MI,RR",,,Capped,150,Jimmy Neesham
372,406,407,56,AL7,Daniel,Sams,Australia,,27/10/1992,32,ALL-ROUNDER,RHB,LEFT ARM Fast,,,10.0,16.0,"DC,RCB,MI,LSG",,,Capped,150,Daniel Sams
373,407,408,56,AL7,William,Sutherland,Australia,,27/10/1999,25,ALL-ROUNDER,RHB,RIGHT ARM Fast,,2.0,,,,,,Capped,75,William Sutherland
374,408,409,57,FA7,Taskin,Ahmed,Bangladesh,,03/04/1995,30,BOWLER,LHB,RIGHT ARM Fast,15.0,73.0,70.0,,,,,Capped,100,Taskin Ahmed
375,409,410,57,FA7,Ben,Dwarshuis,Australia,,23/06/1994,30,BOWLER,LHB,LEFT ARM Fast,,1.0,3.0,0.0,"PBKS,DC",,,Capped,75,Ben Dwarshuis
376,410,411,57,FA7,Obed,McCoy,West Indies,,04/01/1997,28,BOWLER,RHB,LEFT ARM Fast,,2.0,38.0,8.0,RR,,,Capped,125,Obed McCoy
377,411,412,57,FA7,Riley,Meredith,Australia,,21/06/1996,28,BOWLER,RHB,RIGHT ARM Fast,,1.0,6.0,,,,,Capped,150,Riley Meredith
378,412,413,57,FA7,Lance,Morris,Australia,,28/03/1998,27,BOWLER,RHB,RIGHT ARM Fast,,2.0,22.0,,,,,Capped,125,Lance Morris
379,413,414,57,FA7,Olly,Stone,England,,09/10/1993,31,BOWLER,RHB,RIGHT ARM Fast,5.0,10.0,1.0,,,,,Capped,75,Olly Stone
380,414,415,57,FA7,Daniel,Worrall,England,,10/07/1991,33,BOWLER,RHB,RIGHT ARM Fast Medium,,3.0,,,,,,Capped,150,Daniel Worrall
381,415,416,58,UBA7,Pyla,Avinash,India,ACA,07/07/2000,24,BATTER,RHB,RIGHT ARM Fast Medium,,,,,,,,Uncapped,30,Pyla Avinash
382,416,417,58,UBA7,Kiran,Chormale,India,MACA,11/10/2005,19,BATTER,RHB,RIGHT ARM Off Spin,,,,,,,,Uncapped,30,Kiran Chormale
383,417,418,58,UBA7,Ashish,Dahariya,India,CSCSCA,17/10/2004,20,BATTER,RHB,RIGHT ARM Leg Spin,,,,,,,,Uncapped,30,Ashish Dahariya
384,418,419,58,UBA7,Tushar,Raheja,India,TNCA,07/02/2001,24,BATTER,LHB,,,,,,,,,Uncapped,30,Tushar Raheja
385,419,420,58,UBA7,Sarthak,Ranjan,India,DDCA,25/09/1996,28,BATTER,RHB,RIGHT ARM Off Spin,,,,,,,,Uncapped,30,Sarthak Ranjan
386,420,421,58,UBA7,Abhijeet,Tomar,India,RCA,14/03/1995,30,BATTER,RHB,RIGHT ARM Off Spin,,,,1.0,KKR,,,Uncapped,30,Abhijeet Tomar
387,421,422,59,UAL7,Krish,Bhagat,India,PCA,06/11/2004,20,ALL-ROUNDER,RHB,RIGHT ARM Fast Medium,,,,,,,,Uncapped,30,Krish Bhagat
388,422,423,59,UAL7,Sohraab,Dhaliwal,India,PCA,18/11/1991,33,ALL-ROUNDER,RHB,LEFT ARM Slow Orthodox,,,,,,,,Uncapped,30,Sohraab Dhaliwal
389,423,424,59,UAL7,Harsh,Dubey,India,VCA,23/07/2002,22,ALL-ROUNDER,LHB,LEFT ARM Slow Orthodox,,,,,,,,Uncapped,30,Harsh Dubey
390,424,425,59,UAL7,Ramakrishna,Ghosh,India,MACA,28/08/1997,27,ALL-ROUNDER,RHB,RIGHT ARM Fast,,,,,,,,Uncapped,30,Ramakrishna Ghosh
391,425,426,59,UAL7,Raj,Limbani,India,BCA,02/02/2005,20,ALL-ROUNDER,LHB,RIGHT ARM Fast Medium,,,,,,,,Uncapped,30,Raj Limbani
392,426,427,59,UAL7,Ninad,Rathva,India,BCA,10/03/1999,26,ALL-ROUNDER,LHB,LEFT ARM Slow Orthodox,,,,,,,,Uncapped,30,Ninad Rathva
393,427,428,59,UAL7,Vivrant,Sharma,India,JKCA,30/10/1999,25,ALL-ROUNDER,LHB,RIGHT ARM Leg Spin,,,,2.0,SRH,,,Uncapped,30,Vivrant Sharma
394,428,429,59,UAL7,Shiva,Singh,India,UPCA,16/10/1999,25,ALL-ROUNDER,RHB,LEFT ARM Slow Orthodox,,,,,,,,Uncapped,30,Shiva Singh
395,429,430,60,UFA7,Sayed Irfan,Aftab,India,CAB,20/11/2003,21,BOWLER,RHB,RIGHT ARM Fast,,,,,,,,Uncapped,30,Sayed Irfan Aftab
396,430,431,60,UFA7,Anirudh,Chowdhary,India,DDCA,08/11/1999,25,BOWLER,LHB,RIGHT ARM Fast Medium,,,,,,,,Uncapped,30,Anirudh Chowdhary
397,431,432,60,UFA7,Anshuman,Hooda,India,DDCA,04/01/2001,24,BOWLER,RHB,RIGHT ARM Fast,,,,,,,,Uncapped,30,Anshuman Hooda
398,432,433,60,UFA7,Siddharth,Kaul,India,PCA,19/05/1990,34,BOWLER,RHB,RIGHT ARM Fast Medium,,,,55.0,"KKR,DC,SRH,RCB",,,Uncapped,40,Siddharth Kaul
399,433,434,60,UFA7,Prashant Sai,Painkra,India,CSCSCA,08/09/2002,22,BOWLER,RHB,RIGHT ARM Fast Medium,,,,,,,,Uncapped,30,Prashant Sai Painkra
400,434,435,60,UFA7,Venkata Satyanarayana,Penmetsa,India,ACA,10/07/1999,25,BOWLER,RHB,RIGHT ARM Fast Medium,,,,,,,,Uncapped,30,Venkata Satyanarayana Penmetsa
401,435,436,60,UFA7,Yeddala,Reddy,India,ACA,13/12/1999,25,BOWLER,RHB,RIGHT ARM Fast,,,,,,,,Uncapped,30,Yeddala Reddy
402,436,437,61,AL8,Zak,Foulkes,New Zealand,,05/06/2002,22,ALL-ROUNDER,RHB,RIGHT ARM Medium,,,2.0,,,,,Capped,75,Zak Foulkes
403,437,438,61,AL8,Chris,Green,Australia,,01/10/1993,31,ALL-ROUNDER,RHB,RIGHT ARM Off Spin,,,1.0,1.0,KKR,,,Capped,100,Chris Green
404,438,439,61,AL8,Shakib Al,Hasan,Bangladesh,,24/03/1987,38,ALL-ROUNDER,LHB,LEFT ARM Slow Orthodox,71.0,247.0,129.0,71.0,"SRH,KKR",,,Capped,100,Shakib Al Hasan
405,439,440,61,AL8,Mehidy Hasan,Miraz,Bangladesh,,25/10/1997,27,ALL-ROUNDER,RHB,RIGHT ARM Off Spin,49.0,97.0,27.0,,,,,Capped,100,Mehidy Hasan Miraz
406,440,441,61,AL8,Wiaan,Mulder,South Africa,,19/02/1998,27,ALL-ROUNDER,RHB,RIGHT ARM Medium,15.0,20.0,11.0,,,,,Capped,75,Wiaan Mulder
407,441,442,61,AL8,Dwaine,Pretorius,South Africa,,29/03/1989,36,ALL-ROUNDER,RHB,RIGHT ARM Fast Medium,3.0,27.0,30.0,7.0,CSK,,,Capped,75,Dwaine Pretorius
408,442,443,61,AL8,Dasun,Shanaka,Sri Lanka,,09/09/1991,33,ALL-ROUNDER,RHB,RIGHT ARM Fast,6.0,71.0,102.0,3.0,GT,,,Capped,75,Dasun Shanaka
409,443,444,62,FA8,Shoriful,Islam,Bangladesh,,03/06/2001,23,BOWLER,LHB,LEFT ARM Fast Medium,11.0,36.0,42.0,,,,,Capped,75,Shoriful Islam
410,444,445,62,FA8,Blessing,Muzarabani,Zimbabwe,,02/10/1996,28,BOWLER,RHB,RIGHT ARM Fast,7.0,48.0,61.0,,,,,Capped,75,Blessing Muzarabani
411,445,446,62,FA8,Matthew,Potts,England,,29/10/1998,26,BOWLER,RHB,RIGHT ARM Fast Medium,9.0,9.0,,,,,,Capped,150,Matthew Potts
412,446,447,62,FA8,Tanzim Hasan,Sakib,Bangladesh,,20/10/2002,22,BOWLER,RHB,RIGHT ARM Fast,,7.0,15.0,,,,,Capped,75,Tanzim Hasan Sakib
413,447,448,62,FA8,Benjamin,Sears,New Zealand,,11/02/1998,27,BOWLER,RHB,RIGHT ARM Fast,1.0,,17.0,,,,,Capped,100,Benjamin Sears
414,448,449,62,FA8,Tim,Southee,New Zealand,,11/12/1988,36,BOWLER,RHB,RIGHT ARM Fast Medium,104.0,161.0,126.0,54.0,"CSK,RR,MI,RCB,KKR",,,Capped,150,Tim Southee
415,449,450,62,FA8,John,Turner,England,,10/04/2001,23,BOWLER,RHB,RIGHT ARM Fast,,1.0,,,,,,Capped,150,John Turner
416,450,451,63,UBA8,Joshua,Brown,Australia,,26/12/1993,31,BATTER,RHB,RIGHT ARM Off Spin,,,,,,,,Uncapped,30,Joshua Brown
417,451,452,63,UBA8,Oliver,Davies,Australia,,14/10/2000,24,BATTER,RHB,RIGHT ARM Off Spin,,,,,,,,Uncapped,30,Oliver Davies
418,452,453,63,UBA8,Bevan John,Jacobs,New Zealand,,06/05/2002,22,BATTER,RHB,RIGHT ARM Fast Medium,,,,,,,,Uncapped,30,Bevan John Jacobs
419,453,454,63,UBA8,Atharva,Kale,India,MACA,21/09/1999,25,BATTER,RHB,RIGHT ARM Leg Spin,,,,,,,,Uncapped,30,Atharva Kale
420,454,455,63,UBA8,Abhishek,Nair,India,KCA,06/06/2004,20,BATTER,RHB,RIGHT ARM Off Spin,,,,,,,,Uncapped,30,Abhishek Nair
421,455,456,63,UBA8,Vishwanath Pratap,Singh,India,PCA,18/06/1998,26,BATTER,RHB,RIGHT ARM Off Spin,,,,,,,,Uncapped,30,Vishwanath Pratap Singh
422,456,457,64,UAL8,Nasir,Lone,India,JKCA,05/09/1997,27,ALL-ROUNDER,RHB,RIGHT ARM Fast Medium,,,,,,,,Uncapped,30,Nasir Lone
423,457,458,64,UAL8,Brandon,McMullen,Scotland,,18/10/1999,25,ALL-ROUNDER,RHB,RIGHT ARM Medium,,,,,,,,Associate,30,Brandon McMullen
424,458,459,64,UAL8,S.,Midhun,India,KCA,07/10/1994,30,ALL-ROUNDER,RHB,RIGHT ARM Leg Spin,,,,1.0,RR,,,Uncapped,30,S. Midhun
425,459,460,64,UAL8,Abid,Mushtaq,India,JKCA,17/01/1997,28,ALL-ROUNDER,LHB,LEFT ARM Slow Orthodox,,,,,,,,Uncapped,30,Abid Mushtaq
426,460,461,64,UAL8,Mahesh,Pithiya,India,BCA,24/12/2001,23,ALL-ROUNDER,RHB,RIGHT ARM Off Spin,,,,,,,,Uncapped,30,Mahesh Pithiya
427,461,462,64,UAL8,Maramreddy,Reddy,India,ACA,28/10/2002,22,ALL-ROUNDER,RHB,RIGHT ARM Leg Spin,,,,,,,,Uncapped,30,Maramreddy Reddy
428,462,463,64,UAL8,Atit,Sheth,India,BCA,03/02/1996,29,ALL-ROUNDER,RHB,RIGHT ARM Fast Medium,,,,,,,,Uncapped,30,Atit Sheth
429,463,464,64,UAL8,Jonty,Sidhu,India,DDCA,09/12/1997,27,ALL-ROUNDER,LHB,RIGHT ARM Off Spin,,,,,,,,Uncapped,30,Jonty Sidhu
430,464,465,65,UFA8,Mohit,Avasthi,India,MCA,18/11/1992,32,BOWLER,RHB,RIGHT ARM Fast Medium,,,,,,,,Uncapped,30,Mohit Avasthi
431,465,466,65,UFA8,Faridoon,Dawoodzai,Afghanistan,,26/11/2005,19,BOWLER,LHB,LEFT ARM Fast Medium,,,,,,,,Uncapped,30,Faridoon Dawoodzai
432,466,467,65,UFA8,Praful,Hinge,India,VCA,18/01/2002,23,BOWLER,RHB,RIGHT ARM Fast,,,,,,,,Uncapped,30,Praful Hinge
433,468,469,65,UFA8,Vijay,Kumar,India,UPCA,24/12/2005,19,BOWLER,RHB,RIGHT ARM Fast,,,,,,,,Uncapped,30,Vijay Kumar
434,469,470,65,UFA8,Ashok,Sharma,India,RCA,17/06/2002,22,BOWLER,RHB,RIGHT ARM Fast,,,,,,,,Uncapped,30,Ashok Sharma
435,470,471,65,UFA8,Mujtaba,Yousuf,India,JKCA,07/06/2002,22,BOWLER,LHB,LEFT ARM Fast Medium,,,,,,,,Uncapped,30,Mujtaba Yousuf
436,471,472,66,AL9,Ashton,Agar,Australia,,14/10/1993,31,ALL-ROUNDER,LHB,LEFT ARM Slow Orthodox,5.0,22.0,49.0,,,,,Capped,125,Ashton Agar
437,472,473,66,AL9,Roston,Chase,West Indies,,22/03/1992,33,ALL-ROUNDER,RHB,RIGHT ARM Off Spin,49.0,49.0,25.0,,,,,Capped,75,Roston Chase
438,473,474,66,AL9,Junior,Dala,South Africa,,29/12/1989,35,ALL-ROUNDER,RHB,RIGHT ARM Fast,,2.0,10.0,1.0,DC,,,Capped,75,Junior Dala
439,474,475,66,AL9,Mahedi,Hasan,Bangladesh,,12/12/1994,30,ALL-ROUNDER,RHB,RIGHT ARM Off Spin,,11.0,51.0,,,,,Capped,75,Mahedi Hasan
440,475,476,66,AL9,Nangeyalia,Kharote,Afghanistan,,25/04/2004,20,ALL-ROUNDER,LHB,LEFT ARM Slow Orthodox,,4.0,6.0,,,,,Capped,75,Nangeyalia Kharote
441,476,477,66,AL9,Dan,Lawrence,England,,12/07/1997,27,ALL-ROUNDER,RHB,RIGHT ARM Off Spin,14.0,,,,,,,Capped,100,Dan Lawrence
442,477,478,66,AL9,Nathan,Smith,New Zealand,,15/07/1998,26,ALL-ROUNDER,RHB,RIGHT ARM Fast,0.0,0.0,0.0,,,,,Capped,100,Nathan Smith
443,478,479,67,FA9,James,Anderson,England,,30/07/1982,42,BOWLER,LHB,RIGHT ARM Fast,188.0,194.0,19.0,,,,,Capped,125,James Anderson
444,479,480,67,FA9,Kyle,Jamieson,New Zealand,,30/12/1994,30,BOWLER,RHB,RIGHT ARM Fast,19.0,13.0,13.0,9.0,"RCB,CSK",,,Capped,150,Kyle Jamieson
445,480,481,67,FA9,Chris,Jordan,England,,04/10/1988,36,BOWLER,RHB,RIGHT ARM Fast,8.0,35.0,95.0,34.0,"RCB,SRH,PBKS,CSK,MI",,,Capped,200,Chris Jordan
446,481,482,67,FA9,Hasan,Mahmud,Bangladesh,,12/02/1997,28,BOWLER,RHB,RIGHT ARM Fast Medium,6.0,22.0,18.0,,,,,Capped,75,Hasan Mahmud
447,482,483,67,FA9,Tymal,Mills,England,,12/08/1992,32,BOWLER,RHB,LEFT ARM Fast,,,16.0,10.0,"RCB,MI",,,Capped,200,Tymal Mills
448,483,484,67,FA9,David,Payne,England,,15/02/1991,34,BOWLER,RHB,LEFT ARM Fast Medium,,1.0,,,,,,Capped,100,David Payne
449,484,485,67,FA9,Nahid,Rana,Bangladesh,,25/10/2002,22,BOWLER,RHB,RIGHT ARM Fast,5.0,,,,,,,Capped,75,Nahid Rana
450,485,486,68,UBA9,Prayas Ray,Barman,India,CAB,25/10/2002,22,BATTER,RHB,RIGHT ARM Off Spin,,,,,,,,Uncapped,30,Prayas Ray Barman
451,486,487,68,UBA9,Jafar,Jamal,India,TNCA,20/03/1990,35,BATTER,RHB,RIGHT ARM Off Spin,,,,,,,,Uncapped,30,Jafar Jamal
452,487,488,68,UBA9,Ayaz,Khan,India,MCA,10/09/2002,22,BATTER,LHB,LEFT ARM Slow Orthodox,,,,,,,,Uncapped,30,Ayaz Khan
453,488,489,68,UBA9,Kaushik,Maity,India,CAB,14/10/1999,25,BATTER,RHB,LEFT ARM Slow Orthodox,,,,,,,,Uncapped,30,Kaushik Maity
454,489,490,68,UBA9,Rituraj,Sharma,India,UPCA,27/11/2002,22,BATTER,LHB,RIGHT ARM Off Spin,,,,,,,,Uncapped,30,Rituraj Sharma
455,490,491,68,UBA9,Vaibhav,Suryavanshi,India,BICA,27/03/2011,14,BATTER,LHB,LEFT ARM Slow Orthodox,,,,,,,,Uncapped,30,Vaibhav Suryavanshi
456,491,492,69,UAL9,Kartik,Chadha,India,PCA,08/01/2004,21,ALL-ROUNDER,LHB,RIGHT ARM Leg Spin,,,,,,,,Uncapped,30,Kartik Chadha
457,493,494,69,UAL9,Prerit,Dutta,India,PCA,22/09/1998,26,ALL-ROUNDER,LHB,LEFT ARM Slow Orthodox,,,,,,,,Uncapped,30,Prerit Dutta
458,494,495,69,UAL9,Rajneesh,Gurbani,India,MACA,28/01/1993,32,ALL-ROUNDER,RHB,RIGHT ARM Fast Medium,,,,,,,,Uncapped,30,Rajneesh Gurbani
459,495,496,69,UAL9,Shubhang,Hegde,India,KSCA,30/03/2001,24,ALL-ROUNDER,LHB,LEFT ARM Slow Orthodox,,,,,,,,Uncapped,30,Shubhang Hegde
460,496,497,69,UAL9,Saransh,Jain,India,MPCA,31/03/1993,32,ALL-ROUNDER,LHB,RIGHT ARM Off Spin,,,,,,,,Uncapped,30,Saransh Jain
461,497,498,69,UAL9,Ripal,Patel,India,GUCA,28/09/1995,29,ALL-ROUNDER,RHB,RIGHT ARM Medium,,,,9.0,DC,,,Uncapped,30,Ripal Patel
462,499,500,70,UFA9,Anirudh,Kanwar,India,UTCA,13/03/1994,31,BOWLER,RHB,RIGHT ARM Fast,,,,,,,,Uncapped,30,Anirudh Kanwar
463,500,501,70,UFA9,Shubham,Kapse,India,VCA,22/07/1994,30,BOWLER,RHB,RIGHT ARM Fast Medium,,,,,,,,Uncapped,30,Shubham Kapse
464,501,502,70,UFA9,Atif,Mushtaq,India,JKCA,20/03/2003,22,BOWLER,LHB,RIGHT ARM Fast,,,,,,,,Uncapped,30,Atif Mushtaq
465,502,503,70,UFA9,Dipesh,Parwani,India,VCA,14/01/2000,25,BOWLER,LHB,LEFT ARM Fast Medium,,,,,,,,Uncapped,30,Dipesh Parwani
466,503,504,70,UFA9,Manish,Reddy,India,HYCA,07/01/1999,26,BOWLER,RHB,RIGHT ARM Fast Medium,,,,,,,,Uncapped,30,Manish Reddy
467,504,505,70,UFA9,Chetan,Sharma,India,RCA,23/11/2005,19,BOWLER,RHB,RIGHT ARM Fast Medium,,,,,,,,Uncapped,30,Chetan Sharma
468,505,506,70,UFA9,Avinash,Singh,India,JKCA,05/07/1998,26,BOWLER,RHB,RIGHT ARM Fast,,,,,,,,Uncapped,30,Avinash Singh
469,506,507,72,AL10,Alick,Athanaze,West Indies,,07/12/1998,26,ALL-ROUNDER,LHB,RIGHT ARM Off Spin,9.0,11.0,4.0,,,,,Capped,75,Alick Athanaze
470,507,508,72,AL10,Hilton,Cartwright,Australia,,14/02/1992,33,ALL-ROUNDER,RHB,RIGHT ARM Medium,2.0,2.0,,,,,,Capped,75,Hilton Cartwright
471,508,509,72,AL10,Dominic,Drakes,West Indies,,06/02/1998,27,ALL-ROUNDER,LHB,LEFT ARM Fast,,3.0,10.0,0.0,GT,,,Capped,125,Dominic Drakes
472,509,510,72,FA10,Daryn,Dupavillon,South Africa,,15/07/1994,30,BOWLER,RHB,RIGHT ARM Fast,,2.0,,,,,,Capped,75,Daryn Dupavillon
473,510,511,72,AL10,Matthew,Forde,West Indies,,29/04/2002,22,ALL-ROUNDER,RHB,RIGHT ARM Fast Medium,,6.0,6.0,,,,,Capped,125,Matthew Forde
474,511,512,72,AL10,Patrick,Kruger,South Africa,,03/02/1995,30,ALL-ROUNDER,RHB,RIGHT ARM Fast Medium,,,6.0,,,,,Capped,75,Patrick Kruger
475,512,513,72,FA10,Lahiru,Kumara,Sri Lanka,,13/02/1997,28,BOWLER,LHB,RIGHT ARM Fast,31.0,31.0,26.0,,,,,Capped,75,Lahiru Kumara
476,513,514,72,AL10,Michael,Neser,Australia,,29/03/1990,35,ALL-ROUNDER,RHB,RIGHT ARM Fast Medium,,,,1.0,PBKS,,,Capped,75,Michael Neser
477,514,515,72,FA10,Richard,Ngarava,Zimbabwe,,29/12/1997,27,BOWLER,LHB,LEFT ARM Fast Medium,5.0,44.0,60.0,,,,,Capped,75,Richard Ngarava
478,515,516,72,FA10,Wayne,Parnell,South Africa,,30/07/1989,35,BOWLER,LHB,LEFT ARM Fast Medium,6.0,73.0,56.0,33.0,"PWI,DC,RCB",,,Capped,100,Wayne Parnell
479,516,517,72,AL10,Keemo,Paul,West Indies,,21/02/1998,27,ALL-ROUNDER,RHB,RIGHT ARM Fast,3.0,30.0,23.0,8.0,DC,,,Capped,125,Keemo Paul
480,517,518,72,AL10,Odean,Smith,West Indies,,01/11/1996,28,ALL-ROUNDER,RHB,RIGHT ARM Medium,,9.0,27.0,6.0,"PBKS,GT",,,Capped,75,Odean Smith
481,518,519,72,FA10,Andrew,Tye,Australia,,12/12/1986,38,BOWLER,RHB,RIGHT ARM Fast Medium,,7.0,32.0,30.0,"GL,PBKS,RR,LSG",,,Capped,75,Andrew Tye
482,519,520,73,UAL10,Ajay,Ahlawat,India,DDCA,27/05/1997,27,ALL-ROUNDER,LHB,LEFT ARM Fast,,,,,,,,Uncapped,40,Ajay Ahlawat
483,521,522,73,UAL10,Mayank,Gusain,India,DDCA,25/09/2001,23,ALL-ROUNDER,RHB,RIGHT ARM Fast,,,,,,,,Uncapped,30,Mayank Gusain
484,522,523,73,UAL10,Mukhtar,Hussain,India,ASCA,11/01/1999,26,ALL-ROUNDER,RHB,RIGHT ARM Fast Medium,,,,,,,,Uncapped,30,Mukhtar Hussain
485,523,524,73,UAL10,Girinath,Reddy,India,ACA,08/10/1998,26,ALL-ROUNDER,RHB,RIGHT ARM Fast Medium,,,,,,,,Uncapped,30,Girinath Reddy
486,524,525,73,UAL10,Jalaj,Saxena,India,KCA,15/12/1986,38,ALL-ROUNDER,RHB,RIGHT ARM Off Spin,,,,1.0,"MI,RCB,DC,PBKS",,,Uncapped,40,Jalaj Saxena
487,525,526,73,UAL10,Yajas,Sharma,India,DDCA,21/08/2005,19,ALL-ROUNDER,RHB,RIGHT ARM Off Spin,,,,,,,,Uncapped,30,Yajas Sharma
488,526,527,73,UAL10,Sanjay,Yadav,India,TNCA,10/05/1995,29,ALL-ROUNDER,LHB,LEFT ARM Slow Orthodox,,,,1.0,"KKR, SRH,MI",,,Uncapped,30,Sanjay Yadav
489,527,528,74,UFA10,Vishal,Godara,India,RCA,25/02/2003,22,BOWLER,LHB,RIGHT ARM Medium,,,,,,,,Uncapped,30,Vishal Godara
490,528,529,74,UFA10,Eshan,Malinga,Sri Lanka,,04/02/2001,24,BOWLER,LHB,RIGHT ARM Fast,,,,,,,,Uncapped,30,Eshan Malinga
491,529,530,74,UFA10,Samarth,Nagraj,India,KSCA,21/10/2005,19,BOWLER,RHB,RIGHT ARM Fast,,,,,,,,Uncapped,30,Samarth Nagraj
492,530,531,74,UFA10,Abhishek,Saini,India,UTCA,02/12/1998,26,BOWLER,RHB,RIGHT ARM Fast,,,,,,,,Uncapped,30,Abhishek Saini
493,531,532,74,UFA10,Dumindu,Sewmina,Sri Lanka,,19/12/2004,20,BOWLER,RHB,RIGHT ARM Medium,,,,,,,,Uncapped,30,Dumindu Sewmina
494,532,533,74,UFA10,Pradyuman Kumar,Singh,India,UTCA,03/12/2001,23,BOWLER,RHB,RIGHT ARM Fast,,,,,,,,Uncapped,30,Pradyuman Kumar Singh
495,533,534,74,UFA10,Vasu,Vats,India,UPCA,08/09/2002,22,BOWLER,RHB,RIGHT ARM Fast,,,,,,,,Uncapped,30,Vasu Vats
496,534,535,75,UAL11,Umang,Kumar,India,GUCA,11/12/2000,24,ALL-ROUNDER,RHB,RIGHT ARM Off Spin,,,,,,,,Uncapped,30,Umang Kumar
497,535,536,75,UAL11,Mohamed,Ali,India,TNCA,03/10/2004,20,ALL-ROUNDER,RHB,RIGHT ARM Off Spin,,,,,,,,Uncapped,30,Mohamed Ali
498,536,537,75,UAL11,Atharva,Ankolekar,India,MCA,26/09/2000,24,ALL-ROUNDER,LHB,LEFT ARM Slow Orthodox,,,,,,,,Uncapped,30,Atharva Ankolekar
499,537,538,75,UAL11,Vaisakh,Chandran,India,KCA,31/05/1996,28,ALL-ROUNDER,RHB,RIGHT ARM Off Spin,,,,,,,,Uncapped,30,Vaisakh Chandran
500,538,539,75,UAL11,Auqib,Dar,India,JKCA,04/11/1996,28,ALL-ROUNDER,RHB,RIGHT ARM Fast Medium,,,,,,,,Uncapped,30,Auqib Dar
501,539,540,75,UAL11,Rohit,Rayudu,India,HYCA,29/07/1994,30,ALL-ROUNDER,LHB,RIGHT ARM Off Spin,,,,,,,,Uncapped,30,Rohit Rayudu
502,540,541,75,UAL11,Uday,Saharan,India,PCA,08/09/2004,20,ALL-ROUNDER,RHB,RIGHT ARM Off Spin,,,,,,,,Uncapped,30,Uday Saharan
503,541,542,75,UAL11,Ayush,Vartak,India,MCA,29/10/2004,20,ALL-ROUNDER,RHB,RIGHT ARM Fast Medium,,,,,,,,Uncapped,30,Ayush Vartak
504,543,544,76,UAL12,Sumit Kumar,Beniwal,India,DDCA,11/04/1999,25,ALL-ROUNDER,RHB,RIGHT ARM Fast,,,,,,,,Uncapped,30,Sumit Kumar Beniwal
505,544,545,76,UAL12,Nishunk,Birla,India,UTCA,22/10/2004,20,ALL-ROUNDER,RHB,LEFT ARM Slow Orthodox,,,,,,,,Uncapped,30,Nishunk Birla
506,546,547,76,UAL12,Lakshay,Jain,India,TNCA,05/07/2002,22,ALL-ROUNDER,LHB,RIGHT ARM Off Spin,,,,,,,,Uncapped,30,Lakshay Jain
507,547,548,76,UAL12,Duan,Jansen,South Africa,,01/05/2000,24,ALL-ROUNDER,RHB,LEFT ARM Fast,,,,,,,,Uncapped,30,Duan Jansen
508,548,549,76,UAL12,Kritagya,Singh,India,UPCA,25/09/2000,24,ALL-ROUNDER,LHB,LEFT ARM Slow Orthodox,,,,,,,,Uncapped,30,Kritagya Singh
509,549,550,76,UAL12,P.,Vignesh,India,TNCA,06/04/2005,20,ALL-ROUNDER,LHB,LEFT ARM Slow Orthodox,,,,,,,,Uncapped,30,P. Vignesh
510,550,551,77,UAL13,Sabhay,Chadha,India,CAP,07/05/1998,26,ALL-ROUNDER,RHB,RIGHT ARM Fast Medium,,,,,,,,Uncapped,30,Sabhay Chadha
511,552,553,77,UAL13,Hemanth,Kumar,India,ACA,12/12/2004,20,ALL-ROUNDER,LHB,LEFT ARM Slow Orthodox,,,,,,,,Uncapped,30,Hemanth Kumar
512,553,554,77,UAL13,Rohan,Rana,India,HCA,12/01/2002,23,ALL-ROUNDER,RHB,RIGHT ARM Fast,,,,,,,,Uncapped,30,Rohan Rana
513,554,555,77,UAL13,Bharat,Sharma,India,CAP,15/11/1995,29,ALL-ROUNDER,RHB,RIGHT ARM Off Spin,,,,,,,,Uncapped,30,Bharat Sharma
514,556,557,77,UAL13,Tripurana,Vijay,India,ACA,05/09/2001,23,ALL-ROUNDER,RHB,RIGHT ARM Off Spin,,,,,,,,Uncapped,30,Tripurana Vijay
515,557,558,77,UAL13,Ravi,Yadav,India,JSCA,26/12/1997,27,ALL-ROUNDER,RHB,RIGHT ARM Leg Spin,,,,,,,,Uncapped,30,Ravi Yadav
516,558,559,78,UAL14,Arjun,Azad,India,UTCA,08/08/2001,23,ALL-ROUNDER,RHB,RIGHT ARM Leg Spin,,,,,,,,Uncapped,30,Arjun Azad
517,559,560,78,UAL14,Abhay,Choudhary,India,PCA,26/06/2002,22,ALL-ROUNDER,RHB,RIGHT ARM Leg Spin,,,,,,,,Uncapped,30,Abhay Choudhary
518,560,561,78,UAL14,Gaurav,Gambhir,India,UTCA,26/11/1987,37,ALL-ROUNDER,RHB,RIGHT ARM Off Spin,,,,,,,,Uncapped,30,Gaurav Gambhir
519,561,562,78,UAL14,Shubham,Garhwal,India,RCA,14/05/1995,29,ALL-ROUNDER,LHB,LEFT ARM Slow Orthodox,,,,,,,,Uncapped,30,Shubham Garhwal
520,562,563,78,UAL14,Tejasvi,Jaiswal,India,TCA,02/03/1997,28,ALL-ROUNDER,LHB,RIGHT ARM Fast,,,,,,,,Uncapped,30,Tejasvi Jaiswal
521,563,564,78,UAL14,Sairaj,Patil,India,MCA,31/10/1996,28,ALL-ROUNDER,RHB,RIGHT ARM Fast Medium,,,,,,,,Uncapped,30,Sairaj Patil
522,564,565,78,UAL14,Madhav,Tiwari,India,MPCA,28/09/2003,21,ALL-ROUNDER,RHB,RIGHT ARM Fast Medium,,,,,,,,Uncapped,30,Madhav Tiwari
523,565,566,78,UAL14,Kamal,Tripathi,India,MPCA,15/08/1998,26,ALL-ROUNDER,RHB,RIGHT ARM Off Spin,,,,,,,,Uncapped,30,Kamal Tripathi
524,566,567,79,UAL15,Prashant,Chauhan,India,CAU,01/04/2001,24,ALL-ROUNDER,LHB,LEFT ARM Slow Orthodox,,,,,,,,Uncapped,30,Prashant Chauhan
525,567,568,79,UAL15,Yash,Dabas,India,DDCA,08/12/2004,20,ALL-ROUNDER,RHB,RIGHT ARM Fast Medium,,,,,,,,Uncapped,30,Yash Dabas
526,568,569,79,UAL15,Dhruv,Kaushik,India,DDCA,11/07/2000,24,ALL-ROUNDER,RHB,RIGHT ARM Off Spin,,,,,,,,Uncapped,30,Dhruv Kaushik
527,569,570,79,UAL15,Khrievitso,Kense,India,NCA,06/03/2004,21,ALL-ROUNDER,RHB,RIGHT ARM Leg Spin,,,,,,,,Uncapped,30,Khrievitso Kense
528,570,571,79,UAL15,Akash,Parkar,India,MCA,20/05/1994,30,ALL-ROUNDER,RHB,RIGHT ARM Medium,,,,,,,,Uncapped,30,Akash Parkar
529,571,572,79,UAL15,Vignesh,Puthur,India,KCA,02/03/2001,24,ALL-ROUNDER,RHB,LEFT ARM Slow Unorthodox,,,,,,,,Uncapped,30,Vignesh Puthur
530,572,573,79,UAL15,Tripuresh,Singh,India,MPCA,13/04/2002,22,ALL-ROUNDER,RHB,RIGHT ARM Medium,,,,,,,,Uncapped,30,Tripuresh Singh
531,573,574,79,UAL15,Vijay,Yadav,India,UPCA,19/12/2001,23,ALL-ROUNDER,RHB,RIGHT ARM Off Spin,,,,,,,,Uncapped,30,Vijay Yadav
